year,species,lc_doy,lf_doy,sd_lc_doy,sd_lf_doy
1991,ACPE,276,288,3.928381302,5.345269812
1992,ACPE,278,289,7.838623127,3.532137508
1993,ACPE,279,291,5.755372364,5.271823436
1994,ACPE,279,290,3.298195614,1.415344909
1995,ACPE,270,281,1.097148086,6.302073961
1996,ACPE,279,289,7.759141369,1.90020487
1997,ACPE,278,286,1.461135759,2.886366268
1998,ACPE,278,290,2.275703616,4.532908518
1999,ACPE,283,293,3.888347223,1.751930887
2000,ACPE,280,290,6.510267533,4.519994545
2001,ACPE,281,289,2.716763884,0.588597109
2002,ACPE,284,296,6.183750388,13.68155046
2003,ACPE,283,292,1.822462907,0.46365806
2004,ACPE,283,292,9.672492832,7.118141192
2005,ACPE,285,296,3.867952438,3.724838047
2006,ACPE,277,286,5.485653084,1.309939718
2007,ACPE,278,288,4.705217035,1.152746863
2008,ACPE,281,292,18.06549347,17.0608001
2009,ACPE,277,288,7.921807827,4.944813273
2010,ACPE,274,287,3.004991898,3.464101615
2011,ACPE,285,293,5.5712175,1.174700088
2012,ACPE,280,288,0.563606006,2.06312238
2013,ACPE,281,289,6.088544102,4.285680417
2014,ACPE,279,289,3.506739216,3.819015857
2015,ACPE,285,293,7.363731369,8.296125593
2016,ACPE,284,294,5.991630513,6.068148751
2017,ACPE,282,291,4.386144352,8.115326327
2018,ACPE,291,300,5.6292439,2.7101051
2019,ACPE,281,293,20.01939546,2.671591714
2020,ACPE,278,290,1.554114499,4.845234507
2021,ACPE,286,293,7.223282828,10.69040756
2022,ACPE,279,289,1.56439715,5.716252292
1991,ACRU,266,279,3.550139885,1.851271252
1992,ACRU,268,285,5.17101158,7.25798879
1993,ACRU,270,278,8.640249243,0
1994,ACRU,268,278,NA,8.657014398
1995,ACRU,267,276,7.282143444,0.214238436
1996,ACRU,272,281,2.89855479,0.769744548
1997,ACRU,273,282,2.334291994,0
1998,ACRU,270,279,6.62127106,0.214238436
1999,ACRU,276,286,NA,2.114085198
2000,ACRU,273,282,6.198988958,1.732007506
2001,ACRU,274,282,NA,11.90323228
2002,ACRU,275,286,0.128345607,0
2003,ACRU,278,285,5.443499175,0
2004,ACRU,274,283,NA,NA
2005,ACRU,278,285,10.01666228,9.076083469
2006,ACRU,270,278,10.70449546,0
2007,ACRU,274,284,NA,1.156968787
2008,ACRU,271,282,NA,6.370590554
2009,ACRU,270,280,NA,NA
2010,ACRU,270,279,NA,7.051941714
2011,ACRU,274,282,0,0
2012,ACRU,270,279,1.040103254,2.30939819
2013,ACRU,267,277,NA,NA
2014,ACRU,271,282,NA,NA
2015,ACRU,278,288,1.171070144,1.275143779
2016,ACRU,275,288,7.248099951,10.52640791
2017,ACRU,274,286,NA,4.5502939
2018,ACRU,274,283,NA,7.732105565
2019,ACRU,267,282,7.981082449,0
2020,ACRU,270,285,NA,7.579712012
2021,ACRU,273,285,NA,1.885693508
2022,ACRU,270,281,3.178934542,8.863561819
1991,ACSA,284,296,NA,6.823598211
1992,ACSA,277,294,NA,8.049286646
1993,ACSA,279,292,8.241138981,7.573397335
1994,ACSA,281,290,2.821383508,6.105441182
1995,ACSA,281,291,6.159802301,5.209641336
1996,ACSA,285,292,0.661813478,0.793860589
1997,ACSA,284,295,4.128680043,6.024941966
1998,ACSA,281,290,0,5.943239107
1999,ACSA,283,294,4.330033199,7.13726567
2000,ACSA,281,293,5.23637584,3.675364028
2001,ACSA,285,296,4.882876776,5.213166482
2002,ACSA,290,302,11.45159559,12.06293127
2003,ACSA,283,293,5.356855627,0
2004,ACSA,286,299,1.585454295,0.691679648
2005,ACSA,290,302,6.772515425,8.368319183
2006,ACSA,279,290,4.154792707,5.265931985
2007,ACSA,286,300,11.55210709,3.473250459
2008,ACSA,283,295,3.824000628,8.788541822
2009,ACSA,281,294,0.311136115,4.411533018
2010,ACSA,279,294,0.704023339,0.157893024
2011,ACSA,277,291,6.25154541,8.148269172
2012,ACSA,275,288,2.020851516,1.245863887
2013,ACSA,275,286,6.826353927,12.6623729
2014,ACSA,280,292,0.202263511,0.147026496
2015,ACSA,286,298,16.04314868,NA
2016,ACSA,286,296,1.038759128,3.561182109
2017,ACSA,282,291,8.093081771,6.720640333
2018,ACSA,275,289,5.496615602,4.752285996
2019,ACSA,278,293,6.986333506,9.786268839
2020,ACSA,279,295,6.216881048,5.96586233
2021,ACSA,272,288,2.076479102,3.327001417
2022,ACSA,279,291,0.352791646,0.449104301
1991,AMSP,271,280,5.096658342,7.725490201
1992,AMSP,283,285,6.948939138,19.30663621
1993,AMSP,272,285,13.24298214,3.818581667
1994,AMSP,271,280,5.295067495,4.535292216
1995,AMSP,270,280,8.865719056,7.613350683
1996,AMSP,274,286,5.999226105,4.641158159
1997,AMSP,275,284,7.995951523,7.73158972
1998,AMSP,272,283,4.203403136,1.478461606
1999,AMSP,278,289,3.034441575,8.143429813
2000,AMSP,277,285,9.270567752,5.7531665
2001,AMSP,278,285,1.633822503,1.550434656
2002,AMSP,280,291,1.924873056,3.828486407
2003,AMSP,281,286,8.734583183,9.382268985
2004,AMSP,282,287,0.514369722,4.714025173
2005,AMSP,278,286,2.109112904,2.116705511
2006,AMSP,268,278,8.471044501,10.12695585
2007,AMSP,275,285,8.73693206,9.649525554
2008,AMSP,276,287,7.61060868,4.040460594
2009,AMSP,272,282,5.784992909,4.58091577
2010,AMSP,273,281,10.5809872,20.83489857
2011,AMSP,268,272,0.500458376,0.973579272
2012,AMSP,271,279,5.221512843,2.045853314
2013,AMSP,268,274,0.268206522,0.449666671
2014,AMSP,271,278,11.26857403,14.70524512
2015,AMSP,281,291,0.707828494,1.562360126
2016,AMSP,280,290,13.93407902,13.96911987
2017,AMSP,276,286,0.957706735,1.79820828
2018,AMSP,276,285,8.793635029,5.809802244
2019,AMSP,277,287,7.386687874,5.407144044
2020,AMSP,279,288,6.545642924,7.932748204
2021,AMSP,282,289,7.373092459,8.008895328
2022,AMSP,280,289,4.783694648,1.312281915
1991,ARSP,274,283,0.561198815,1.035762428
1992,ARSP,282,285,2.261835789,7.794879132
1993,ARSP,275,281,5.30691747,3.192240162
1994,ARSP,278,289,2.679716827,2.354095898
1995,ARSP,277,283,4.640939837,1.181308113
1996,ARSP,283,291,2.861480106,3.58108826
1997,ARSP,280,299,5.728640288,4.93290077
1998,ARSP,283,300,1.817900335,4.638024342
1999,ARSP,286,293,6.767862444,8.09108505
2000,ARSP,284,298,1.487176906,3.911275766
2001,ARSP,286,292,6.022901651,5.174080302
1991,BEAL,268,278,7.683873241,6.79684502
1992,BEAL,275,285,6.752561648,7.348462197
1993,BEAL,272,279,15.00914348,9.055875977
1994,BEAL,267,277,7.56066746,7.980043982
1995,BEAL,269,277,3.504899093,6.751902326
1996,BEAL,275,285,6.768210155,11.51595959
1997,BEAL,274,283,6.827053368,7.89593224
1998,BEAL,273,281,2.702028078,3.391407342
1999,BEAL,277,287,7.498530148,9.472866802
2000,BEAL,273,282,7.875348922,10.50979896
2001,BEAL,273,282,0,0
2002,BEAL,281,290,4.92725006,11.99689316
2003,BEAL,277,286,2.707442576,4.480640468
2004,BEAL,274,283,5.747024451,6.192439806
2005,BEAL,279,287,1.514511678,1.621778539
2006,BEAL,269,276,13.78864057,13.38941669
2007,BEAL,270,280,7.13571035,3.835296347
2008,BEAL,274,283,8.098254905,6.655350399
2009,BEAL,271,280,5.100002706,3.34762315
2010,BEAL,272,282,6.07589439,9.231908257
2011,BEAL,274,283,0,2.149556934
2012,BEAL,273,281,16.13053952,6.291459489
2013,BEAL,270,280,9.814983444,2.716649151
2014,BEAL,274,281,5.977554217,11.58354242
2015,BEAL,280,288,2.46183642,5.92211697
2016,BEAL,283,291,13.50491396,15.60964477
2017,BEAL,276,286,6.5646576,6.391321267
2018,BEAL,278,287,6.387030515,3.742150146
2019,BEAL,272,284,4.033699194,4.604842294
2020,BEAL,276,287,3.276358045,3.029735014
2021,BEAL,276,286,0.692243322,0.850452185
2022,BEAL,277,286,2.936485765,2.112940729
1991,BELE,278,286,3.600644522,2.02059979
1992,BELE,282,285,3.371494107,3.231112703
1993,BELE,275,281,4.410185083,4.324783189
1994,BELE,272,283,5.900677273,3.109510547
1995,BELE,273,282,2.47502046,3.608065747
1996,BELE,281,289,2.793284453,1.291381033
1997,BELE,279,287,5.010906803,5.660043553
1998,BELE,276,286,7.127073666,6.745513127
1999,BELE,280,289,3.661691897,2.723743056
2000,BELE,280,288,3.766700537,6.11074109
2001,BELE,280,288,2.788476744,4.294077653
2002,BELE,285,293,10.27350029,13.67985407
2003,BELE,282,290,4.430961145,4.295677961
2004,BELE,282,289,4.134129785,5.329042233
2005,BELE,280,290,4.093319897,5.714327679
2006,BELE,274,282,2.418415434,2.11396057
2007,BELE,278,291,8.545781733,9.831732555
2008,BELE,277,288,2.593487986,2.101644021
2009,BELE,275,286,8.802726425,6.759786467
2010,BELE,276,290,3.49274681,3.248009832
2011,BELE,280,289,4.990902707,3.868081675
2012,BELE,278,287,3.112760777,3.041414145
2013,BELE,276,285,4.736329514,3.741819089
2014,BELE,278,286,1.761719628,3.393953005
2015,BELE,282,291,4.124167053,8.438486473
2016,BELE,278,293,3.802594943,0.137664976
2017,BELE,284,293,2.608082385,3.624189217
2018,BELE,282,291,5.903074712,7.682387448
2019,BELE,281,290,3.520248013,2.849636696
2020,BELE,281,293,5.479291764,9.749893695
2021,BELE,281,291,0.979501873,0.493663648
2022,BELE,279,288,1.591090137,2.63988323
1991,BEPA,278,288,2.781628517,1.223129986
1992,BEPA,275,288,2.943234517,2.997291428
1993,BEPA,276,288,2.884553781,4.827376312
1994,BEPA,274,284,3.465742705,5.419910253
1995,BEPA,272,285,5.791611517,6.446168319
1996,BEPA,281,288,33.67582478,14.95454527
1997,BEPA,281,289,2.723029498,2.695513372
1998,BEPA,270,278,11.30944079,12.58938615
1999,BEPA,282,290,8.522960601,9.387625616
2000,BEPA,277,283,2.927320071,1.044045259
2001,BEPA,285,291,2.691593723,2.459009723
2002,BEPA,286,294,2.474796214,9.559383428
2003,BEPA,279,285,2.840353312,9.799832313
2004,BEPA,279,285,1.417603008,1.400009505
2005,BEPA,274,277,4.003661342,7.316793406
2006,BEPA,263,265,3.932100321,3.116096658
2007,BEPA,284,290,1.245522703,1.25770814
2008,BEPA,277,284,18.38469146,10.95099626
2009,BEPA,272,278,0.139757148,0.360611014
2010,BEPA,274,283,7.695017293,12.7925621
2011,BEPA,270,273,6.989431274,5.697606209
2012,BEPA,275,280,2.355757597,8.133448617
2013,BEPA,264,270,2.987569712,3.541782759
2014,BEPA,277,283,9.406904629,3.695135254
2015,BEPA,282,290,4.500763283,11.71920141
2016,BEPA,285,294,NA,NA
2017,BEPA,281,291,6.119997548,9.193663314
2018,BEPA,277,285,2.24625992,1.064822974
2019,BEPA,273,289,10.53408257,4.812218311
2020,BEPA,279,291,5.161788549,4.642467038
2021,BEPA,279,289,6.102904583,2.591631281
2022,BEPA,277,290,4.473371688,4.191110932
1991,BEPO,275,280,1.168625171,1.523538767
1992,BEPO,283,287,5.028219036,4.924500094
1993,BEPO,275,282,2.020977661,4.281248466
1994,BEPO,275,284,4.976095518,3.871435082
1995,BEPO,272,281,10.0530967,7.952243304
1996,BEPO,277,285,4.335496466,8.232886445
1997,BEPO,277,287,1.919337817,0.468347447
1998,BEPO,274,283,0.201795142,3.535311166
1999,BEPO,278,285,10.58790951,12.01765621
2000,BEPO,275,282,11.6598811,19.42911303
2001,BEPO,276,282,9.131831604,10.48286236
1991,CADE,281,291,2.672767624,1.770678064
1992,CADE,NA,302,6.6932288,4.545209714
1993,CADE,284,298,8.145246584,18.98450612
1994,CADE,287,300,2.667171112,3.278680756
1995,CADE,286,299,7.06969686,6.055837378
1996,CADE,288,294,4.918137035,10.55718882
1997,CADE,286,298,0.95164603,3.223336193
1998,CADE,280,291,3.234932039,1.739803332
1999,CADE,283,293,5.303369802,7.495440068
2000,CADE,285,295,2.88656948,6.367014608
2001,CADE,285,294,13.17585501,8.66234769
1991,COAL,274,288,1.409944601,2.440213032
1992,COAL,275,285,4.108662626,4.036993979
1993,COAL,276,286,1.778604038,5.022438469
1994,COAL,279,286,6.449161272,11.50233931
1995,COAL,269,278,0.611738502,6.885592069
1996,COAL,280,288,NA,NA
1997,COAL,304,300,6.249378128,10.90366432
1998,COAL,272,282,3.227907509,1.49428074
1999,COAL,281,291,3.07445408,3.994931239
2000,COAL,283,289,4.228412871,4.295886904
2001,COAL,287,295,3.595140786,3.026512185
1991,CRSP,262,264,2.257794366,3.906169535
1992,CRSP,272,285,2.912170161,0.889065361
1993,CRSP,274,285,2.828207921,1.455777507
1994,CRSP,280,288,3.891442795,3.397244917
1995,CRSP,275,282,1.303961617,1.679586726
1996,CRSP,282,290,1.209107302,2.177372382
1997,CRSP,278,286,9.090617973,9.062632125
1998,CRSP,276,280,1.49276705,2.08208923
1999,CRSP,281,289,4.615887916,4.416281146
2000,CRSP,261,275,3.722468923,1.236218666
2001,CRSP,281,276,15.22512529,15.78951262
1991,FAGR,288,299,11.76901797,8.988221839
1992,FAGR,NA,301,3.921813815,1.919116544
1993,FAGR,289,303,4.78258739,3.048330787
1994,FAGR,284,297,8.231796479,4.891390575
1995,FAGR,287,298,2.26848201,0.365971044
1996,FAGR,290,299,18.95025766,29.88237034
1997,FAGR,286,294,4.914059761,5.296133316
1998,FAGR,282,291,6.195434852,7.568560815
1999,FAGR,281,295,1.837531318,1.954389419
2000,FAGR,277,294,12.94550698,19.68115701
2001,FAGR,284,298,1.581862994,1.862507749
2002,FAGR,298,309,9.866531793,8.753379405
2003,FAGR,285,298,1.487378341,2.734907585
2004,FAGR,297,311,5.221361449,6.335410611
2005,FAGR,303,313,2.052527421,3.750394095
2006,FAGR,290,309,8.965202349,14.29335158
2007,FAGR,295,314,1.184520517,3.480893246
2008,FAGR,292,308,3.261634116,5.719901555
2009,FAGR,295,308,3.479651855,2.63438424
2010,FAGR,295,310,3.125660401,3.324385953
2011,FAGR,297,317,5.540051094,5.085090224
2012,FAGR,294,303,4.295839112,2.738096784
2013,FAGR,292,305,7.418676137,7.953296207
2014,FAGR,296,307,1.322848864,1.800031742
2015,FAGR,302,310,1.041914338,5.571444541
2016,FAGR,302,317,1.624807595,2.188324428
2017,FAGR,299,308,2.779888653,2.886632989
2018,FAGR,302,313,2.601140061,2.251425669
2019,FAGR,294,302,5.826609892,7.443462296
2020,FAGR,291,301,1.186022607,1.433109345
2021,FAGR,289,308,3.3908556,5.480136775
2022,FAGR,288,298,20.18310582,21.70494549
1991,FRAM,273,284,17.25397294,12.42771765
1992,FRAM,277,293,8.671730558,7.516336655
1993,FRAM,271,288,4.766031444,2.309432831
1994,FRAM,268,280,3.339103899,2.219058316
1995,FRAM,272,282,2.86301974,7.931462566
1996,FRAM,281,287,2.104168756,5.108296074
1997,FRAM,278,290,7.005947416,5.357188578
1998,FRAM,277,287,4.638574886,7.096580743
1999,FRAM,275,283,6.940708846,7.08109738
2000,FRAM,275,287,1.147664975,1.631966995
2001,FRAM,276,284,13.34068618,13.86152243
2002,FRAM,281,292,3.296645321,0.577200157
2003,FRAM,277,285,10.05088254,8.161566274
2004,FRAM,274,281,3.484682498,5.6521098
2005,FRAM,278,283,3.666485227,4.757018258
2006,FRAM,266,271,9.714545682,14.42225156
2007,FRAM,271,282,4.887698494,2.042075588
2008,FRAM,273,285,5.029348747,2.155702179
2009,FRAM,272,283,7.289227738,12.09547365
2010,FRAM,268,279,2.783977823,0.232289467
2011,FRAM,267,276,1.902170862,1.02438413
2012,FRAM,271,280,3.960892936,4.671156012
2013,FRAM,263,270,3.034286478,2.478813578
2014,FRAM,267,278,2.130180762,3.433238277
2015,FRAM,279,286,0.615501707,2.743557803
2016,FRAM,278,290,0.593767306,4.927178697
2017,FRAM,270,282,0.480694504,1.643656868
2018,FRAM,275,284,3.532206193,2.890397078
2019,FRAM,271,283,0.697888076,1.472312976
2020,FRAM,273,283,6.897725337,7.086796646
2021,FRAM,270,283,1.033306198,3.202123363
2022,FRAM,273,285,3.047638104,4.854660855
1991,HAVI,275,286,4.706433627,24.61730153
1992,HAVI,273,285,10.61708187,14.98562912
1993,HAVI,276,288,10.73132222,6.3358235
1994,HAVI,271,285,3.625388176,2.129612722
1995,HAVI,274,285,5.984881208,1.95351799
1996,HAVI,280,288,12.42311193,25.71118922
1997,HAVI,278,289,4.404122573,9.527162716
1998,HAVI,273,288,2.394622147,8.712034526
1999,HAVI,279,289,2.577133427,2.05276393
2000,HAVI,278,290,1.540787804,2.433894559
2001,HAVI,281,289,2.860503812,3.200633962
1991,ILVE,294,300,14.81397528,NA
1992,ILVE,NA,303,1.928828459,5.147196717
1993,ILVE,291,298,5.608294501,6.782107638
1994,ILVE,296,304,2.586580229,5.230571076
1995,ILVE,293,302,3.940074932,5.237271983
1996,ILVE,296,303,2.179373191,6.449684888
1997,ILVE,302,309,7.529614285,10.7244998
1998,ILVE,296,308,6.062190817,4.013624352
1999,ILVE,295,304,4.999756625,11.03458297
2000,ILVE,297,305,2.575613577,0.578023722
2001,ILVE,297,307,5.776076746,2.915757615
1991,KAAN,286,296,6.040260772,8.678686005
1992,KAAN,NA,290,3.412974288,2.463423536
1993,KAAN,286,291,2.228819414,2.560626017
1994,KAAN,277,291,3.280201535,5.655212592
1995,KAAN,272,299,2.832760468,5.721892824
1996,KAAN,282,297,4.786454717,3.412567981
1997,KAAN,281,298,1.9492757,5.141888792
1998,KAAN,281,295,11.92826219,15.00070607
1999,KAAN,286,303,15.12412441,10.31906921
2000,KAAN,282,301,6.042951562,10.60437862
2001,KAAN,276,298,1.5276458,6.891987357
1991,KALA,276,278,15.00409555,17.64247862
1992,KALA,292,292,5.406700856,7.609771643
1993,KALA,285,286,10.69401757,11.05811642
1994,KALA,264,267,2.287426802,3.477804029
1995,KALA,264,264,2.774410024,1.798450127
1996,KALA,264,269,3.374433307,7.010692904
1997,KALA,260,275,1.298953449,4.600160893
1998,KALA,249,254,5.886649028,1.887083346
1999,KALA,274,263,1.588804782,2.321234618
2000,KALA,267,254,2.301915087,1.752845012
2001,KALA,252,252,23.44844626,20.63303188
1991,LYLI,271,294,9.950814128,4.78384878
1992,LYLI,265,296,5.339545484,3.967802902
1993,LYLI,277,297,0.360617767,1.999889999
1994,LYLI,275,291,11.83784509,10.92884963
1995,LYLI,268,278,4.213188695,6.467104249
1996,LYLI,284,294,2.650810725,6.478452225
1997,LYLI,280,292,2.03159497,7.758010721
1998,LYLI,278,290,6.225278675,1.855693196
1999,LYLI,267,276,5.362653346,6.72783489
2000,LYLI,279,298,1.121186018,5.658594323
2001,LYLI,281,290,4.756591382,4.932457353
1991,NEMU,269,259,0.696937428,2.611186346
1992,NEMU,285,285,3.514530703,2.274179941
1993,NEMU,260,285,2.347523466,4.531060527
1994,NEMU,282,290,10.72565054,7.508680971
1995,NEMU,277,286,6.235155559,5.873477451
1996,NEMU,281,286,2.95086209,1.650442613
1997,NEMU,279,287,8.877723432,11.64155624
1998,NEMU,273,271,5.317263731,8.844885906
1999,NEMU,283,291,4.103776434,9.60377234
2000,NEMU,281,287,2.89645766,6.69906885
2001,NEMU,281,284,4.396745724,1.668967712
1991,NYSY,266,279,3.552846849,4.243904005
1992,NYSY,262,284,6.188667846,10.03600782
1993,NYSY,276,281,5.850096035,5.646445826
1994,NYSY,267,274,3.628165447,5.631241253
1995,NYSY,272,279,8.97885044,12.68161238
1996,NYSY,273,283,1.3948553,2.725956333
1997,NYSY,272,280,7.945826168,3.148942708
1998,NYSY,271,280,6.339489631,12.36608278
1999,NYSY,273,281,2.160622524,2.473472811
2000,NYSY,270,282,11.76971327,13.77165789
2001,NYSY,279,286,4.968899035,6.661813207
2002,NYSY,276,291,10.1135325,6.68073415
2003,NYSY,279,288,5.537772918,7.370982314
2004,NYSY,274,281,2.641721662,1.319758497
2005,NYSY,278,289,2.960016395,4.473376884
2006,NYSY,269,280,9.219599114,10.94884208
2007,NYSY,271,284,4.747416403,4.625925662
2008,NYSY,272,282,3.146291354,2.836806664
2009,NYSY,277,289,10.5000525,12.85586704
2010,NYSY,272,283,4.969794232,9.516605355
2011,NYSY,275,283,8.065587964,5.810764466
2012,NYSY,274,282,5.987797127,6.943773289
2013,NYSY,270,280,7.938858713,8.034412694
2014,NYSY,271,280,10.86920931,13.17409942
2015,NYSY,280,290,4.741798829,7.71047054
2016,NYSY,281,289,3.969995331,7.88387915
2017,NYSY,272,281,2.740798738,5.301742658
2018,NYSY,280,290,4.830018089,3.803005256
2019,NYSY,271,281,6.729688027,1.501414861
2020,NYSY,276,283,11.67798711,10.32386952
2021,NYSY,277,286,4.568749878,4.813677518
2022,NYSY,277,287,1.055547625,3.278232335
1991,PIST,277,281,6.290057346,5.075495687
1992,PIST,NA,NA,5.471295546,10.76389201
1993,PIST,284,286,12.97956711,13.87865461
1994,PIST,266,282,6.054375576,13.21691666
1995,PIST,265,278,5.773473824,8.613755437
1996,PIST,277,286,15.94375523,16.52363616
1997,PIST,273,284,4.201010572,6.205136434
1998,PIST,275,286,10.0790711,6.751889289
1999,PIST,288,291,2.096592597,3.360524804
2000,PIST,279,289,3.854982321,2.757292184
2001,PIST,263,284,3.247899611,4.134377293
1991,POTR,290,298,6.38586171,6.626367359
1992,POTR,NA,305,4.693605037,6.01612019
1993,POTR,285,294,2.838744554,1.500766609
1994,POTR,292,300,6.997303512,6.534871748
1995,POTR,295,305,7.83409929,8.09020893
1996,POTR,290,298,8.033446459,9.716921236
1997,POTR,294,303,10.84646053,16.41963598
1998,POTR,288,296,1.289889624,4.302196239
1999,POTR,293,305,9.864785012,13.3868127
2000,POTR,288,301,4.4652123,4.347981679
2001,POTR,296,298,6.731820819,9.337689217
1991,PRSE,284,293,2.942483514,5.603042202
1992,PRSE,289,301,6.390312164,2.00304391
1993,PRSE,284,291,2.468926444,3.121281403
1994,PRSE,280,288,4.05466993,8.412016143
1995,PRSE,277,287,4.851294969,4.121696016
1996,PRSE,281,288,0.965942014,3.148327323
1997,PRSE,282,289,6.665221844,7.759186064
1998,PRSE,278,284,1.831163362,3.266411834
1999,PRSE,284,292,7.775833882,9.29617726
2000,PRSE,283,290,10.017641,10.00620107
2001,PRSE,285,293,2.9795153,4.934005299
2002,PRSE,289,300,9.645703939,9.717189892
2003,PRSE,281,287,1.345308282,1.736373636
2004,PRSE,284,287,9.682900306,7.115513908
2005,PRSE,290,301,3.921656348,4.636021472
2006,PRSE,282,277,7.345880684,5.711271711
2007,PRSE,285,290,7.703321062,5.443936095
2008,PRSE,284,293,7.227350707,14.60791939
2009,PRSE,285,296,3.103733685,5.00196852
2010,PRSE,284,294,0.577353156,4.011899626
2011,PRSE,288,296,10.90707071,10.85798686
2012,PRSE,283,288,2.045641267,5.129741254
2013,PRSE,286,289,9.498807144,9.616922368
2014,PRSE,287,290,10.51170105,13.47299869
2015,PRSE,290,299,4.342601168,5.467955786
2016,PRSE,288,293,15.35472262,17.30781691
2017,PRSE,286,291,1.5000075,2.222863465
2018,PRSE,294,298,10.92808076,10.90048405
2019,PRSE,279,291,5.92961648,5.783820589
2020,PRSE,281,290,5.14946986,2.194909558
2021,PRSE,289,290,8.078337285,5.476355573
2022,PRSE,280,290,1.092017279,3.638656385
1991,QUAL,278,290,6.634084196,7.310048056
1992,QUAL,285,297,4.408558907,5.707375269
1993,QUAL,275,289,10.06254945,10.49362065
1994,QUAL,267,283,4.202500439,3.558716102
1995,QUAL,277,289,11.07800592,12.53601575
1996,QUAL,283,294,15.84488052,23.08951033
1997,QUAL,280,290,8.846539249,15.18163066
1998,QUAL,275,289,14.22184576,18.13672602
1999,QUAL,283,292,2.309755846,7.606708415
2000,QUAL,280,295,8.112305399,9.997967455
2001,QUAL,282,294,4.966511856,7.232997196
2002,QUAL,286,304,1.265427464,1.563683956
2003,QUAL,282,298,2.410654297,3.014318091
2004,QUAL,284,299,3.024505287,2.185237492
2005,QUAL,285,298,2.524163124,1.262047576
2006,QUAL,275,290,1.610148938,3.856769142
2007,QUAL,281,292,4.002888712,2.58381058
2008,QUAL,281,295,1.473285708,3.276933613
2009,QUAL,281,297,10.33316166,10.51171003
2010,QUAL,281,294,14.53602354,12.20267256
2011,QUAL,282,297,3.80523848,4.821879043
2012,QUAL,282,292,11.61792068,11.20507516
2013,QUAL,278,288,3.814170081,3.184552137
2014,QUAL,279,289,10.22594361,7.20912761
2015,QUAL,284,299,5.54211886,7.883383138
2016,QUAL,289,303,7.84883088,2.100397361
2017,QUAL,279,294,5.241605624,4.711674923
2018,QUAL,284,294,5.903638129,6.554049034
2019,QUAL,283,292,4.001668141,3.634828954
2020,QUAL,287,298,1.491984175,3.651504635
2021,QUAL,287,300,8.00063565,11.83765879
2022,QUAL,282,297,2.411763769,4.930912796
1991,QURU,280,297,15.2656061,17.90587446
1992,QURU,NA,302,11.11760607,11.54982825
1993,QURU,288,302,3.490553622,1.984307342
1994,QURU,284,296,6.850997912,8.02777389
1995,QURU,284,296,3.461435841,6.549268686
1996,QURU,288,296,8.746351657,7.512446709
1997,QURU,289,305,2.892899613,2.643561446
1998,QURU,285,296,3.342725135,4.06599389
1999,QURU,289,301,6.982357261,1.881945568
2000,QURU,288,299,3.886158459,2.96734679
2001,QURU,289,303,4.369792765,6.279765772
2002,QURU,295,313,0.321107385,2.3881067
2003,QURU,290,304,0.774780034,3.927589836
2004,QURU,290,304,3.635742397,6.564698059
2005,QURU,295,308,14.14257186,9.635184371
2006,QURU,286,300,7.818524871,11.21069427
2007,QURU,293,307,6.059434542,4.016025558
2008,QURU,290,308,12.65820734,14.57122329
2009,QURU,292,305,3.534886909,3.626367127
2010,QURU,290,306,9.756599695,6.374644795
2011,QURU,293,311,6.598996046,7.602941062
2012,QURU,288,298,3.749268219,2.62748222
2013,QURU,287,299,5.575438282,4.387243214
2014,QURU,291,302,0.786604423,2.78937508
2015,QURU,298,309,3.149756904,2.280795726
2016,QURU,296,315,1.055857281,0.753910203
2017,QURU,301,313,2.081596355,2.910469034
2018,QURU,293,313,0.929291383,1.227772334
2019,QURU,288,302,12.7915466,8.069369522
2020,QURU,293,306,9.634379931,10.21736233
2021,QURU,298,316,4.179523972,4.219446524
2022,QURU,290,301,12.56031365,12.12584726
1991,QUVE,275,288,1.932964755,0.345756697
1992,QUVE,284,293,6.035832626,6.510921382
1993,QUVE,276,287,4.4383393,4.885093339
1994,QUVE,274,285,3.8192949,3.318679674
1995,QUVE,279,287,1.027759997,2.004484126
1996,QUVE,283,290,6.332770198,5.765906896
1997,QUVE,281,291,3.225385917,2.547242466
1998,QUVE,279,288,7.846334829,1.048399432
1999,QUVE,284,293,2.590351822,2.216955991
2000,QUVE,283,290,4.06668902,3.505946193
2001,QUVE,283,291,13.8234657,7.080790557
2002,QUVE,289,303,9.906731613,9.935364003
2003,QUVE,285,293,3.256414167,1.293513975
2004,QUVE,285,296,6.829300521,9.698108876
2005,QUVE,289,300,5.258366449,5.664835451
2006,QUVE,277,288,5.072583762,7.742022053
2007,QUVE,285,295,3.730346072,5.173468685
2008,QUVE,282,293,3.515334934,5.973768171
2009,QUVE,285,296,5.026919654,5.005562624
2010,QUVE,283,295,14.27272402,11.01402759
2011,QUVE,288,300,7.23556582,7.11406053
2012,QUVE,284,293,2.319123296,1.313527069
2013,QUVE,281,290,5.046316996,4.507990193
2014,QUVE,282,292,2.003392322,5.116447604
2015,QUVE,289,302,13.15143605,9.439040034
2016,QUVE,288,299,13.01262909,12.64556855
2017,QUVE,290,300,18.86301261,20.35808316
2018,QUVE,293,304,19.37744719,15.07218306
2019,QUVE,281,295,3.514719381,5.896411308
2020,QUVE,288,299,10.82612938,9.1006326
2021,QUVE,288,302,4.282097108,3.828164867
2022,QUVE,283,294,3.050671414,3.760705604
1991,RHSP,261,279,3.442541483,6.351002185
1992,RHSP,278,285,6.368419861,6.641555385
1993,RHSP,265,277,5.59794639,5.969245852
1994,RHSP,265,270,1.953009843,4.406077258
1995,RHSP,264,271,8.08944022,10.21499652
1996,RHSP,275,282,1.411699197,4.005807521
1997,RHSP,280,290,8.054197737,7.642126792
1998,RHSP,271,274,2.309416604,7.303144564
1999,RHSP,278,277,5.318597807,12.68940327
2000,RHSP,269,273,9.792701629,12.41961703
2001,RHSP,271,276,6.978998485,2.526859539
1991,SAPU,284,298,8.30143116,5.440007723
1992,SAPU,NA,295,1.713351107,2.257857157
1993,SAPU,303,304,6.561704502,7.240645931
1994,SAPU,298,306,8.721558444,2.471912713
1995,SAPU,287,305,7.801803122,4.939721553
1996,SAPU,295,301,4.185433602,5.274284713
1997,SAPU,284,299,1.840807118,1.055696583
1998,SAPU,281,300,10.29023219,3.925980228
1999,SAPU,285,289,2.230656077,0.293623397
2000,SAPU,282,293,11.35300694,8.013058543
2001,SAPU,287,292,4.603662567,8.171966218
1991,TSCA,288,291,9.314550241,5.217131915
1992,TSCA,NA,288,4.727539087,10.24235151
1993,TSCA,285,286,2.042869525,1.893792126
1994,TSCA,264,267,12.25176078,5.320864222
1995,TSCA,270,279,3.663709413,6.607715254
1996,TSCA,280,288,1.911989803,4.251308357
1997,TSCA,271,284,7.069914265,1.454179955
1998,TSCA,271,276,6.759451605,8.398011748
1999,TSCA,293,298,3.274856845,3.190705371
2000,TSCA,275,278,3.749996729,2.354194394
2001,TSCA,255,266,1.412458117,3.045649397
1997,VAC0,NA,NA,2.774995403,0.8958836
1998,VAC0,NA,NA,11.89321703,9.711858801
1991,VACO,281,293,8.112701505,10.87711404
1992,VACO,285,290,6.551917179,6.999548665
1993,VACO,281,295,3.260281712,3.620557804
1994,VACO,281,292,1.588224427,4.806898271
1995,VACO,284,293,7.440398545,4.255381415
1996,VACO,287,295,3.692684085,7.057012151
1997,VACO,287,302,6.65491384,3.07128664
1998,VACO,288,298,7.674527031,7.609605771
1999,VACO,287,297,6.858446737,10.49317643
2000,VACO,284,290,3.994818528,3.33257142
2001,VACO,290,299,1.676742247,3.186158533
1991,VIAL,274,286,7.762949113,10.38898448
1992,VIAL,284,289,13.54848889,9.975544048
1993,VIAL,277,284,15.23585027,13.7659781
1994,VIAL,272,287,5.829217829,7.036747486
1995,VIAL,267,276,9.988198051,13.26061282
1996,VIAL,281,291,8.696484028,11.47843464
1997,VIAL,279,289,3.027932816,7.869991531
1998,VIAL,275,289,9.049884967,11.08042437
1999,VIAL,281,294,2.875474609,3.621754367
2000,VIAL,283,292,2.120624904,6.452696828
2001,VIAL,282,292,5.04310938,0.604874925
1991,VICA,283,299,3.69327254,3.062919048
1992,VICA,NA,297,2.593308304,1.304035989
1993,VICA,278,292,2.509489873,1.992964435
1994,VICA,286,298,4.798028276,1.818555216
1995,VICA,278,282,11.92014581,7.709682045
1996,VICA,290,300,17.98524484,13.40670554
1997,VICA,290,305,1.411951149,1.017866771
1998,VICA,290,301,6.132829742,3.00038471
1999,VICA,291,302,9.533165059,6.123462354
2000,VICA,284,300,3.579402837,1.953953398
2001,VICA,292,302,8.19185541,5.515123531
