year,species,bb_doy,l75_doy,fbb_doy,fopn_doy,sd_bb_doy,sd_l75_doy,sd_fbb_doy,sd_fopn_doy
1990,ACPE,125,148,142,143,3.678187827,6.617517743,8.020806277,8.287904467
1991,ACPE,119,148,126,130,5.356460765,7.23120881,4.38178046,6.195647989
1992,ACPE,136,163,138,139,6.412600341,2.133051427,10.60660172,NA
1993,ACPE,120,146,130,130,5.060213974,2.273540293,13.51234004,9.107367912
1994,ACPE,127,148,133,139,NA,NA,NA,NA
1995,ACPE,127,147,137,139,7.647847226,4.07682592,NA,NA
1996,ACPE,131,149,140,141,6.51468449,4.347030959,NA,NA
1997,ACPE,133,152,143,145,3.974141167,1.669347086,NA,NA
1998,ACPE,118,137,125,126,2.704190053,2.079172127,6.645800679,5.307216
1999,ACPE,125,143,144,144,2.965774389,3.147941328,NA,NA
2000,ACPE,127,149,129,132,9.966705772,0,NA,NA
2001,ACPE,124,143,124,128,3.067925207,3.150500294,NA,NA
2002,ACPE,121,147,130,133,3.9153116,3.18114706,NA,NA
2003,ACPE,132,153,133,138,0.491974171,2.174977525,NA,NA
2004,ACPE,125,140,128,130,2.270418089,0,7.778174593,4.915802638
2005,ACPE,131,156,132,133,1.010448852,0.179891696,3.535533906,0.759860746
2006,ACPE,126,150,129,132,2.313565236,0.984260113,2.598076211,3.360115805
2007,ACPE,129,147,130,133,NA,NA,NA,NA
2008,ACPE,128,149,132,133,NA,NA,NA,NA
2009,ACPE,121,143,124,127,0.95980326,0.907420527,NA,NA
2010,ACPE,114,135,114,119,2.856610791,NA,NA,NA
2011,ACPE,128,149,132,135,0.096605411,4.612240179,NA,NA
2012,ACPE,112,140,118,120,2.726434808,0.84743963,NA,NA
2013,ACPE,127,145,129,132,4.862500312,1.237106154,NA,NA
2014,ACPE,133,150,134,136,2.317353679,6.615536579,0,NA
2015,ACPE,128,149,129,130,0.748528332,0,NA,NA
2016,ACPE,131,152,133,135,3.331622226,1.889330468,0,2.743715309
2017,ACPE,123,149,128,129,0,2.785646951,2.474873734,3.366771422
2018,ACPE,128,148,131,132,2.895958659,0.984260113,NA,NA
2019,ACPE,130,151,135,136,1.106234984,3.631323668,13.51773526,4.958959473
2020,ACPE,136,153,142,145,1.737255101,1.550391795,NA,NA
2021,ACPE,124,148,128,131,2.384659158,2.019021953,NA,NA
2022,ACPE,130,146,132,134,0.046480232,0.937444687,2.828427125,2.305844316
1990,ACRU,123,149,100,109,6.306959513,3.44114929,1.565247584,3.083396074
1991,ACRU,121,148,98,98,0.29890356,4.71927495,NA,NA
1992,ACRU,134,165,117,120,4.877217932,9.330044776,7.005949852,3.757480759
1993,ACRU,120,148,107,110,0.820701491,8.404592034,6.01040764,NA
1994,ACRU,129,147,107,113,9.631123916,2.634949293,5.346338311,2.020714396
1995,ACRU,130,148,110,117,6.193475151,1.41591493,NA,NA
1996,ACRU,123,147,106,113,0.046475235,9.890265734,4.9560569,3.24996875
1997,ACRU,133,152,110,112,5.600671208,3.87902206,4.460474564,2.657429721
1998,ACRU,118,137,93,96,4.579850954,1.082791203,NA,NA
1999,ACRU,126,144,98,105,0,9.519916636,2.309401077,1.544759806
2000,ACRU,129,152,93,97,6.92343275,5.51188357,NA,NA
2001,ACRU,123,140,110,114,3.740761851,4.312505814,NA,NA
2002,ACRU,125,147,100,104,6.562863975,5.679276433,NA,NA
2003,ACRU,132,153,108,111,1.941846511,7.430335723,NA,NA
2004,ACRU,126,141,106,110,0.947178428,6.694468728,5,4.499664681
2005,ACRU,128,156,101,107,3.275834494,7.005940158,4.272001873,7.891257498
2006,ACRU,128,150,95,105,5.5811113,5.829550105,2.886751346,2.637425569
2007,ACRU,129,145,112,113,12.77368887,2.764199969,4.949747468,7.07102185
2008,ACRU,126,149,108,111,2.340141344,7.352986925,12.02081528,11.1529505
2009,ACRU,123,144,105,112,12.88334173,6.350633567,NA,NA
2010,ACRU,113,134,94,96,1.75000875,3.269263972,NA,NA
2011,ACRU,128,149,108,112,3.659330159,1.12023717,12.84847591,7.761974459
2012,ACRU,115,141,82,83,0,6.062506031,NA,NA
2013,ACRU,125,143,106,111,8.102663045,4.984893866,NA,NA
2014,ACRU,135,152,111,115,2.779532383,3.453478818,2.121320344,1.253413141
2015,ACRU,129,148,111,114,7.622015718,4.557540791,8.838834765,4.753237976
2016,ACRU,132,150,90,99,4.366842911,1.73201328,2.020725942,3.605423694
2017,ACRU,127,151,104,105,32.1885205,10.32076135,12.02081528,4.176964281
2018,ACRU,128,148,112,119,5.686325411,3.197773311,NA,NA
2019,ACRU,131,152,107,109,3.238371268,2.463783318,5.484827557,2.344840867
2020,ACRU,136,153,97,102,1.154567747,2.278125048,0,4.753351113
2021,ACRU,129,150,95,99,0.088261013,7.698781874,NA,NA
2022,ACRU,132,149,98,107,2.309360662,15.81326924,3.570714214,2.020689859
1990,ACSA,122,143,112,125,3.550663494,7.702363325,4.107919181,3.774486794
1991,ACSA,114,134,114,114,5.076886615,6.10510219,NA,NA
1992,ACSA,129,159,130,136,8.671063759,3.752749325,NA,NA
1993,ACSA,118,132,134,134,10.64181481,2.886777327,2.828427125,1.326008621
1994,ACSA,123,140,121,122,4.149259412,6.171341602,0,0
1995,ACSA,127,140,126,126,2.670131329,0.157588544,NA,NA
1996,ACSA,121,141,119,125,1.4999075,13.98339576,0,8.13E-05
1997,ACSA,129,147,NA,NA,1.934436245,15.3288956,2.020725942,2.020764914
1998,ACSA,113,131,106,109,2.218173505,7.922003672,NA,NA
1999,ACSA,121,133,120,122,7.337428073,3.069350381,NA,NA
2000,ACSA,125,140,119,120,4.518763721,9.0390866,NA,NA
2001,ACSA,120,132,NA,NA,2.907989099,4.183716829,NA,NA
2002,ACSA,113,140,108,108,2.319011651,7.486159793,5.346338311,2.020854404
2003,ACSA,126,146,120,123,1.731943997,4.041392088,NA,NA
2004,ACSA,122,138,120,122,2.927866817,17.08229732,7.778174593,7.625247845
2005,ACSA,122,151,124,NA,4.33016599,9.63835445,0,1.856136297
2006,ACSA,120,147,114,115,5.566596816,6.278755986,6.062177826,1.010402664
2007,ACSA,126,141,122,123,0.959616159,12.99049797,NA,NA
2008,ACSA,117,139,116,116,3.690595708,14.22235322,5.303300859,5.224643675
2009,ACSA,118,136,115,NA,0.136425331,6.587388758,NA,NA
2010,ACSA,108,127,NA,NA,2.750183751,NA,NA,NA
2011,ACSA,123,137,118,120,0.122924057,2.593023029,16.97056275,16.9706476
2012,ACSA,110,137,106,NA,4.458378806,12.11712349,NA,NA
2013,ACSA,121,137,116,119,1.994324501,8.14969229,NA,NA
2014,ACSA,130,145,NA,NA,2.465916918,7.295514673,NA,NA
2015,ACSA,125,136,122,127,2.912554678,15.18111015,NA,NA
2016,ACSA,129,144,114,121,5.616381666,21.86839164,7.505553499,6.763439934
2017,ACSA,118,140,110,117,2.631057912,22.63395774,7.211102551,4.009457705
2018,ACSA,126,142,NA,NA,1.323122115,0,NA,NA
2019,ACSA,124,142,116,117,3.68660173,8.625496773,2.020725942,1.728985866
2020,ACSA,131,148,123,126,0.193387308,6.291304519,NA,NA
2021,ACSA,120,140,108,110,3.309971417,10.46315027,NA,NA
2022,ACSA,128,140,NA,NA,3.199694029,3.530205736,0,0.000268392
1990,AMSP,122,145,121,126,2.659505182,3.919066456,2.683281573,3.063874736
1991,AMSP,119,139,106,115,3.302697699,2.081907128,NA,NA
1992,AMSP,128,160,130,134,1.814782664,7.228862409,6.717514421,4.713887287
1993,AMSP,117,148,107,119,1.367979536,17.02220924,20.85965005,0.589263311
1994,AMSP,118,141,112,116,7.090018614,6.500289934,NA,NA
1995,AMSP,126,143,126,130,5.143973406,6.507534452,NA,NA
1996,AMSP,118,145,114,NA,1.473851394,4.062395312,NA,NA
1997,AMSP,125,149,134,134,3.103681916,0,NA,NA
1998,AMSP,111,132,124,125,1.241068665,0.144211271,NA,NA
1999,AMSP,121,140,114,121,2.193625511,4.792121053,7.071067812,7.542438156
2000,AMSP,125,142,129,129,3.066884123,22.08384482,NA,NA
2001,AMSP,121,136,122,125,3.071439508,4.920252041,NA,NA
2002,AMSP,112,NA,NA,NA,4.450640675,7.466177917,NA,NA
2003,AMSP,127,NA,123,125,0,2.742404397,NA,NA
2004,AMSP,120,NA,NA,NA,0.889641475,7.047700823,NA,NA
2005,AMSP,119,NA,NA,NA,4.769681593,0,NA,NA
2006,AMSP,123,NA,NA,NA,2.501786695,3.777771598,0,1.885506124
2007,AMSP,125,NA,NA,NA,1.75072278,2.886615668,NA,NA
2008,AMSP,118,NA,NA,NA,0.613624663,7.06588801,NA,NA
2009,AMSP,119,NA,NA,NA,3.033542733,3.784820402,NA,NA
2010,AMSP,103,NA,NA,NA,2.13611052,6.086819823,NA,NA
2011,AMSP,122,NA,NA,NA,6.935498288,0,16.61700936,12.28599226
2012,AMSP,114,NA,NA,NA,0.180830058,4.46379807,NA,NA
2013,AMSP,122,NA,NA,NA,3.153252528,5.003573391,NA,NA
2014,AMSP,130,NA,NA,NA,2.715386232,21.4847519,8.131727984,8.131807534
2015,AMSP,126,NA,NA,NA,0,0.124890624,NA,NA
2016,AMSP,128,NA,NA,NA,5.744481036,2.923335508,0,1.527674168
2017,AMSP,119,NA,NA,NA,0.045812973,11.36054862,10.10362971,4.15101323
2018,AMSP,127,NA,NA,NA,5.294817909,0,NA,NA
2019,AMSP,124,NA,NA,NA,1.682708475,0.124890624,0,2.133316425
2020,AMSP,130,NA,NA,NA,0.927073325,4.306021081,8.131727984,8.131719145
2021,AMSP,120,NA,NA,NA,8.6989258,4.449274152,NA,NA
2022,AMSP,129,NA,NA,NA,5.423281913,2.538260165,3.75,3.15400197
1990,ARSP,119,153,NA,NA,5.686207993,0.946602067,2.459674775,1.515704398
1991,ARSP,110,141,105,146,2.998345074,2.371275114,NA,NA
1992,ARSP,122,160,146,148,7.527258154,2.098453554,4.596194078,8.880340373
1993,ARSP,116,131,127,142,6.385457184,0,9.545941546,8.581862037
1994,ARSP,123,146,128,141,7.242947303,3.308643504,NA,NA
1995,ARSP,122,145,149,149,3.687915453,1.626637668,0,6.72E-05
1996,ARSP,115,148,111,149,3.699749743,1.865934242,0,2.00E-05
1997,ARSP,127,153,157,158,5.108646285,2.425481499,0,5.25005875
1998,ARSP,108,137,136,137,4.356527558,2.226986801,NA,NA
1999,ARSP,122,140,NA,NA,0.464995744,2.570070228,4.596194078,0.451854099
2000,ARSP,121,145,NA,NA,2.055796204,1.836245732,NA,NA
2001,ARSP,123,140,NA,NA,4.04378233,1.879642606,NA,NA
1990,BEAL,125,149,NA,NA,5.009226968,2.783102252,0,3.18180197
1991,BEAL,119,135,130,133,6.406253562,2.125742151,NA,NA
1992,BEAL,136,156,144,145,7.214766123,6.285443069,NA,NA
1993,BEAL,116,145,134,134,5.033433895,4.53515385,4.041451884,1.644142981
1994,BEAL,126,144,NA,NA,1.154821783,1.163588564,8.371578903,7.434352897
1995,BEAL,130,143,139,139,1.014423929,1.648411509,4.330127019,5.838688284
1996,BEAL,119,144,111,NA,0.590461959,2.020065732,7.424621202,4.242732611
1997,BEAL,135,150,134,NA,2.53103587,4.653694491,0,0
1998,BEAL,120,135,122,122,1.999867499,0,NA,NA
1999,BEAL,127,138,NA,NA,0.801148918,0,9.192388155,5.675384075
2000,BEAL,128,144,128,129,3.721925268,2.16351313,NA,NA
2001,BEAL,123,137,NA,NA,2.115739397,0.938094955,NA,NA
2002,BEAL,126,146,112,112,5.000803825,3.936662099,2.309401077,2.309427059
2003,BEAL,133,151,127,128,0.693480718,0.476956888,7.424621202,7.424633577
2004,BEAL,126,139,NA,NA,2.125260117,1.636609852,2.309401077,5.065461035
2005,BEAL,134,154,116,121,3.041475401,3.447170212,7.794228634,4.211813494
2006,BEAL,130,150,124,126,1.364825333,1.851742068,NA,NA
2007,BEAL,129,145,NA,NA,0.109066944,2.404479179,9.75,0.997863601
2008,BEAL,132,149,116,117,0.645848291,2.9946299,4.242640687,4.065785326
2009,BEAL,123,142,119,120,0.142384077,4.267108633,NA,NA
2010,BEAL,116,133,109,116,2.33930414,3.104792763,2.886751346,0.878077809
2011,BEAL,130,146,120,121,5.289657057,2.516446596,7.076369125,6.101907554
2012,BEAL,122,142,NA,NA,2.886788874,0.527128676,NA,NA
2013,BEAL,128,143,120,122,0.16018086,1.536673934,0,0
2014,BEAL,135,151,130,130,1.204972549,1.41413578,NA,NA
2015,BEAL,128,143,NA,NA,4.135760405,3.291676574,NA,NA
2016,BEAL,133,149,122,126,2.271754785,2.432527409,6.01040764,6.167440931
2017,BEAL,126,144,118,118,1.978108268,2.367037821,4.509249753,4.509244765
2018,BEAL,130,145,NA,NA,3.341074945,0.096187036,3.685557398,2.388932778
2019,BEAL,133,149,122,124,2.309666659,0.633684487,NA,NA
2020,BEAL,138,153,NA,NA,0.908778179,0,4.242640687,1.856111548
2021,BEAL,130,147,120,120,3.143810455,0.918572175,NA,NA
2022,BEAL,133,144,NA,NA,3.085516077,2.509474122,NA,NA
1990,BELE,124,152,NA,NA,4.73822994,2.021365495,3.535533906,2.121383983
1991,BELE,123,138,124,129,2.116899987,1.192987495,NA,NA
1992,BELE,137,150,144,145,2.692936204,7.562663031,5.303300859,4.47831702
1993,BELE,117,142,NA,NA,2.551494395,1.715328806,3.181980515,4.949729791
1994,BELE,131,145,134,135,2.06861017,5.984368251,2.598076211,1.924874411
1995,BELE,131,145,130,130,1.376456112,3.149045771,NA,NA
1996,BELE,120,147,119,NA,0.253587786,2.08160596,0,2.424398432
1997,BELE,133,151,138,144,2.181520892,2.788246237,NA,NA
1998,BELE,123,138,122,122,0,6.805738808,6.964194139,6.964136824
1999,BELE,127,141,NA,NA,0.589022894,0.176466451,NA,NA
2000,BELE,131,147,128,128,0.175492265,1.020580749,NA,NA
2001,BELE,124,141,NA,NA,4.030172218,4.441582482,NA,NA
2002,BELE,130,NA,112,113,2.05233787,1.492742528,5,5.679608458
2003,BELE,138,NA,130,135,2.922311322,2.111542894,0,2.121313272
2004,BELE,127,NA,NA,NA,4.916161791,0.144476854,2.886751346,5.188575982
2005,BELE,137,NA,150,NA,0,2.654369587,20.34903765,4.391194965
2006,BELE,134,NA,NA,NA,4.992786697,0.786863254,NA,NA
2007,BELE,129,NA,NA,NA,1.562505215,1.88489447,2.886751346,1.807209272
2008,BELE,133,NA,NA,NA,0,2.610022631,17.32411614,14.92794732
2009,BELE,125,NA,NA,NA,3.855659235,0.947711137,NA,NA
2010,BELE,122,NA,NA,NA,4.740639202,2.458441501,2,1.522592621
2011,BELE,132,NA,NA,NA,5.315564541,3.606726964,4.5,1.424854395
2012,BELE,125,NA,NA,NA,3.343186096,0.120256889,NA,NA
2013,BELE,129,NA,NA,NA,2.68867823,3.321956,NA,NA
2014,BELE,138,NA,NA,NA,0.092193043,1.028739444,NA,NA
2015,BELE,129,NA,NA,NA,6.215837977,2.774323935,NA,NA
2016,BELE,135,NA,NA,NA,5.629076914,0.144124668,NA,NA
2017,BELE,133,NA,NA,NA,2.064586145,0.682587499,8.838834765,NA
2018,BELE,130,NA,NA,NA,2.548165926,0.937574688,18.5876303,5.008224486
2019,BELE,137,NA,NA,NA,3.648711891,3.473411351,NA,NA
2020,BELE,138,NA,NA,NA,0.010868286,0.176515948,NA,NA
2021,BELE,135,NA,NA,NA,6.008583943,1.64412446,NA,NA
2022,BELE,134,NA,NA,NA,5.457478805,2.708313542,NA,NA
1990,BEPA,120,142,132,133,5.478528607,4.105797291,NA,NA
1991,BEPA,119,135,128,130,0.388777928,1.034002028,NA,NA
1992,BEPA,131,166,144,145,5.472396191,7.391509243,NA,NA
1993,BEPA,116,140,NA,NA,0,1.846515567,2.309401077,3.666540903
1994,BEPA,122,140,134,135,2.780088371,2.790894464,4.509249753,2.379128254
1995,BEPA,127,142,134,134,3.917236894,2.546357619,NA,NA
1996,BEPA,116,142,108,132,0.031801631,1.64412446,6.363961031,5.362208452
1997,BEPA,132,148,134,141,4.471713865,4.082830353,NA,NA
1998,BEPA,118,136,123,120,0.108918124,NA,NA,NA
1999,BEPA,124,139,125,NA,4.220642485,1.325556071,0,0.589379985
2000,BEPA,125,145,124,124,0.241493426,3.201787214,NA,NA
2001,BEPA,121,134,NA,NA,4.317256017,2.384733029,NA,NA
2002,BEPA,114,NA,109,110,4.498049579,2.119030421,2.886751346,NA
2003,BEPA,125,NA,122,126,1.326985829,1.995414555,NA,NA
2004,BEPA,121,NA,NA,NA,5.804408763,2.041723846,6.350852961,6.388055091
2005,BEPA,127,NA,NA,NA,0.636600036,0.905113775,3.75277675,2.659954408
2006,BEPA,126,NA,NA,NA,2.472966467,1.173850622,NA,NA
2007,BEPA,127,NA,NA,NA,2.292827376,1.713680137,2.309401077,1.071844783
2008,BEPA,124,NA,NA,NA,0.159001973,3.271415773,3.535533906,4.128226702
2009,BEPA,119,NA,NA,NA,0.436804185,5.664277924,NA,NA
2010,BEPA,110,NA,NA,NA,3.170745806,1.198661663,2.75,4.141019336
2011,BEPA,125,NA,NA,NA,4.254854405,1.529040701,2.738612788,2.204145579
2012,BEPA,116,NA,NA,NA,5.384495994,3.754748127,NA,NA
2013,BEPA,125,NA,NA,NA,4.82946059,2.299389055,5.656854249,1.864084217
2014,BEPA,133,NA,NA,NA,4.113904183,0,NA,NA
2015,BEPA,128,NA,NA,NA,5.686139728,2.928403542,NA,NA
2016,BEPA,132,NA,NA,NA,2.443121051,0.168327313,NA,NA
2017,BEPA,123,NA,NA,NA,1.415582481,2.334819801,0,3.889036031
2018,BEPA,127,NA,NA,NA,1.424664766,0.803575896,3.181980515,0
2019,BEPA,130,NA,NA,NA,0.452886519,0.244244433,NA,NA
2020,BEPA,135,NA,NA,NA,4.897304632,4.50770806,NA,NA
2021,BEPA,127,NA,NA,NA,4.39186695,0.34970858,NA,NA
2022,BEPA,130,NA,NA,NA,2.779804103,2.73313542,NA,NA
1990,BEPO,126,146,132,135,3.923113763,1.501074497,NA,NA
1991,BEPO,122,137,130,132,0.865383163,1.515632864,NA,NA
1992,BEPO,136,161,143,143,1.248325163,5.759521219,0,7.090152719
1993,BEPO,118,142,134,134,0.062521573,0.468396354,NA,NA
1994,BEPO,128,144,134,137,2.820341299,2.332223009,4.330127019,3.310339731
1995,BEPO,130,145,134,135,0.405549855,0.721402768,6.062177826,5.354984295
1996,BEPO,117,146,118,131,1.283911642,2.865510009,4.596194078,1.319941615
1997,BEPO,135,152,136,144,2.504751297,3.459533089,NA,NA
1998,BEPO,120,138,124,124,0.794997901,0.412316026,NA,NA
1999,BEPO,127,143,131,129,1.112411808,0.321438208,4.242640687,11.31372971
2000,BEPO,127,146,128,129,1.06172097,0.504981938,NA,NA
2001,BEPO,123,139,NA,NA,2.28484182,2.186191646,NA,NA
1990,CADE,128,164,NA,NA,1.885714722,2.343931382,0,6.088849155
1991,CADE,125,149,NA,NA,2.428987207,3.023795733,8.485281374,NA
1992,CADE,135,166,NA,NA,2.821794505,0.432841661,0,4.196575986
1993,CADE,122,151,NA,NA,4.097190097,0.168327313,3.5,2.119123059
1994,CADE,132,157,NA,NA,2.008521741,0.505325463,NA,NA
1995,CADE,131,155,NA,NA,2.002641327,3.007117291,4.836923954,1.075344872
1996,CADE,130,163,NA,NA,2.186157234,3.461882823,0,2.303129013
1997,CADE,134,164,NA,NA,2.865133657,2.952977785,NA,NA
1998,CADE,122,150,NA,NA,4.594136088,2.914294046,2.25,0.779556221
1999,CADE,126,151,NA,NA,6.111099574,3.041280034,0,0.992227331
2000,CADE,128,158,NA,NA,6.273356519,1.145619076,NA,NA
2001,CADE,123,151,NA,NA,5.518148474,2.116683667,18.03122292,16.29574616
1991,COAL,109,139,144,145,1.201277897,0.448958482,NA,NA
1992,COAL,120,159,160,160,5.494681928,3.464179558,0,7.07E-05
1993,COAL,110,145,155,155,2.194185625,0.296078245,0,5.30E-05
1994,COAL,115,140,159,155,3.965207201,3.129710609,2.25,5.761877073
1995,COAL,121,142,158,163,3.837265302,1.189238761,2.598076211,2.598090647
1996,COAL,115,147,156,160,1.370070225,4.907400789,NA,NA
1997,COAL,129,155,164,166,6.826209651,4.125002279,3.535533906,16.9704779
1998,COAL,112,134,128,138,5.668271418,2.869135037,NA,NA
1999,COAL,120,139,138,138,1.695860029,4.579668062,NA,NA
2000,COAL,122,143,162,162,2.720851745,3.201612485,NA,NA
2001,COAL,130,141,153,160,2.733328057,4.724769015,NA,NA
2002,COAL,107,NA,NA,NA,4.953378437,5.559509927,4.596194078,4.596330196
2003,COAL,121,NA,160,161,2.799972297,4.815276905,NA,NA
2004,COAL,116,NA,NA,NA,0.987419869,3.009665082,3.75277675,3.587383571
2005,COAL,114,NA,NA,NA,0.067610941,0.833336682,10.96015511,NA
2006,COAL,113,NA,NA,NA,1.595099829,1.528645336,0,0.314303465
2007,COAL,123,NA,NA,NA,4.027882782,6.632250194,NA,NA
2008,COAL,116,NA,NA,NA,0.453714769,1.408216092,NA,NA
2009,COAL,116,NA,NA,NA,0,0.117733868,4.596194078,3.771422372
2010,COAL,99,NA,NA,NA,0,0.944880828,NA,NA
2011,COAL,120,NA,NA,NA,1.860348798,3.396179255,NA,NA
2012,COAL,109,NA,NA,NA,2.120533706,2.532086583,0,5.30E-05
2013,COAL,121,NA,NA,NA,1.234192238,1.80035455,3.181980515,3.692749278
2014,COAL,127,NA,NA,NA,2.672254005,1.625361074,5.484827557,2.81298027
2015,COAL,119,NA,NA,NA,0,1.07922127,2.886751346,1.074193119
2016,COAL,116,NA,NA,NA,2.394917833,3.131430435,NA,NA
2017,COAL,117,NA,NA,NA,2.412426803,2.30173555,7.075485849,3.01084887
2018,COAL,124,NA,NA,NA,0.104283431,4.163499735,0,0.26270916
2019,COAL,120,NA,NA,NA,5.327485832,4.937960225,NA,NA
2020,COAL,129,NA,NA,NA,3.237076014,3.023901473,NA,NA
2021,COAL,122,NA,NA,NA,4.093229995,5.563511769,2.738612788,5.376246089
2022,COAL,124,NA,NA,NA,2.793952003,0.779122533,NA,NA
1990,CRSP,123,155,NA,NA,2.50839734,2.457057855,0,3.441325598
1991,CRSP,118,145,NA,NA,3.031647094,4.855369454,NA,NA
1992,CRSP,130,166,NA,NA,2.752846584,1.394424736,NA,NA
1993,CRSP,115,138,NA,NA,1.615629675,1.970796563,NA,NA
1994,CRSP,120,145,NA,NA,2.532009322,0.512637316,NA,NA
1995,CRSP,124,145,NA,NA,1.979772298,1.699993207,2.474873734,NA
1996,CRSP,118,148,NA,NA,0.418954621,0.774677948,NA,NA
1997,CRSP,127,151,NA,NA,0.194509003,1.699191846,18.03122292,18.03148632
1998,CRSP,112,135,NA,NA,2.757908481,2.807456241,NA,NA
1999,CRSP,123,140,NA,NA,3.948428037,2.171962268,NA,NA
2000,CRSP,125,144,NA,NA,2.559422351,2.984747249,3.175426481,3.175453905
2001,CRSP,123,138,NA,NA,2.590042725,0.582780276,NA,NA
2002,CRSP,118,NA,NA,NA,2.318191611,4.703060389,18.7383297,4.221363738
2003,CRSP,129,NA,144,145,4.959884599,2.847565496,NA,NA
2004,CRSP,123,NA,NA,NA,0.558829134,0.077604924,3.464101615,6.286798987
2005,CRSP,123,NA,NA,NA,1.635650151,0.946521821,NA,NA
2006,CRSP,123,NA,NA,NA,1.086766279,1.294253728,3.535533906,1.060615977
2007,CRSP,127,NA,NA,NA,2.919053555,2.779883022,9.192388155,0.196477673
2008,CRSP,125,NA,NA,NA,0.037852689,2.0000125,NA,NA
2009,CRSP,118,NA,NA,NA,0.14457224,1.67113856,4.242640687,3.720004845
2010,CRSP,107,NA,NA,NA,1.72716956,2.118461261,NA,NA
2011,CRSP,125,NA,NA,NA,2.788341084,0.207243802,NA,NA
2012,CRSP,112,NA,NA,NA,1.845452929,4.720826687,2.309401077,5.786654679
2013,CRSP,123,NA,NA,NA,1.035639607,0.783400175,5.303300859,1.948343482
2014,CRSP,130,NA,NA,NA,3.031243252,1.527506695,6.639528096,2.16316387
2015,CRSP,127,NA,NA,NA,1.851386075,3.07679025,9.237604307,1.488168715
2016,CRSP,127,NA,NA,NA,2.575740316,0.903328219,NA,NA
2017,CRSP,119,NA,NA,NA,0.705044356,1.482202851,2,2.298753503
2018,CRSP,126,NA,NA,NA,2.417029568,2.708477177,NA,NA
2019,CRSP,125,NA,NA,NA,0.240545532,3.947281206,NA,NA
2020,CRSP,130,NA,NA,NA,1.49182422,5.613388536,1.732050808,2.836507852
2021,CRSP,118,NA,NA,NA,1.679368062,4.621670032,0,3.633154071
2022,CRSP,128,NA,NA,NA,1.945623486,4.500635775,NA,NA
1990,FAGR,130,142,NA,NA,2.325239017,1.943066987,7.071067812,6.71745962
1991,FAGR,124,137,NA,NA,2.668819453,0.563554555,NA,NA
1992,FAGR,134,150,NA,NA,1.266698209,3.055161211,1.732050808,1.731972865
1993,FAGR,123,146,NA,NA,2.96790635,6.309298186,0,0.117680834
1994,FAGR,129,142,NA,NA,1.582367202,1.17775844,0,0.314063047
1995,FAGR,131,142,NA,NA,0.115423691,6.791920974,1.732050808,1.508191219
1996,FAGR,131,143,NA,NA,0.567520553,2.131775492,NA,NA
1997,FAGR,134,147,NA,NA,3.535251062,2.556309862,NA,NA
1998,FAGR,122,137,178,179,4.475208767,2.611768775,NA,NA
1999,FAGR,125,137,NA,NA,1.104120338,6.3043751,NA,NA
2000,FAGR,128,143,NA,NA,2.164105525,0.292030911,NA,NA
2001,FAGR,122,137,NA,NA,1.271716645,3.93050158,NA,NA
2002,FAGR,125,NA,NA,NA,1.242434731,7.566887458,NA,NA
2003,FAGR,133,NA,NA,NA,0.629550245,2.986858485,3.889087297,1.23731931
2004,FAGR,127,NA,NA,NA,5.547890372,0.710357071,5.0083264,1.891734342
2005,FAGR,131,NA,NA,NA,0.172980464,2.351621667,3.75277675,4.259814274
2006,FAGR,130,149,NA,NA,1.376116941,2.30939819,4.536885863,3.883792286
2007,FAGR,129,142,NA,NA,3.036461978,5.965819028,0,0
2008,FAGR,127,146,NA,NA,0.73921468,NA,NA,NA
2009,FAGR,123,142,NA,NA,1.829435811,2.699977,0,0
2010,FAGR,118,134,NA,NA,1.923600734,0.494979294,NA,NA
2011,FAGR,127,143,122,124,1.029524838,0.412533264,NA,NA
2012,FAGR,122,140,NA,NA,1.050816186,7.589902762,1.732050808,0.150039651
2013,FAGR,125,142,120,121,0.864021944,0.292030911,0,7.778072062
2014,FAGR,134,148,NA,NA,3.59304472,4.288767438,4.769696007,4.825938368
2015,FAGR,128,144,NA,NA,2.732763161,1.64436832,2.020725942,0.452102916
2016,FAGR,132,148,114,118,1.514606368,2.086082213,NA,NA
2017,FAGR,124,144,118,118,2.000191946,4.757035669,1.5,2.166544491
2018,FAGR,128,144,NA,NA,1.556504227,3.222471088,4.907477288,0.096085999
2019,FAGR,131,146,119,121,0.254593255,1.415495224,NA,NA
2020,FAGR,135,152,NA,NA,1.875983788,2.224962051,NA,NA
2021,FAGR,129,144,120,121,1.263769236,3.179805836,0,1.433770236
2022,FAGR,131,143,NA,NA,0.236362172,2.348853318,NA,NA
1990,FRAM,125,160,NA,NA,1.746659331,1.194978376,2.020725942,2.390894487
1991,FRAM,126,144,NA,NA,0.794935689,2.309519434,NA,NA
1992,FRAM,136,172,136,140,0.969681129,4.165093485,NA,NA
1993,FRAM,124,151,NA,NA,0.096319827,3.607330057,NA,NA
1994,FRAM,131,153,134,137,0.979544306,1.082347391,NA,NA
1995,FRAM,133,151,136,138,0.368937,2.770840004,NA,NA
1996,FRAM,130,152,NA,NA,0.828355924,3.544294635,NA,NA
1997,FRAM,138,159,138,144,17.44344818,8.170134964,NA,NA
1998,FRAM,125,150,131,131,0.366869893,2.489545817,NA,NA
1999,FRAM,129,148,121,121,1.551912874,5.67644046,NA,NA
2000,FRAM,130,156,130,145,0.729883496,2.813424705,NA,NA
2001,FRAM,124,150,124,124,1.640807646,3.679207264,NA,NA
2002,FRAM,133,153,NA,NA,2.56168296,11.3055706,NA,NA
2003,FRAM,136,160,132,134,5.357761508,1.500025005,NA,NA
2004,FRAM,129,145,126,128,4.055347028,2.288806851,NA,NA
2005,FRAM,137,157,139,149,0.316152147,1.435237763,NA,NA
2006,FRAM,133,155,126,128,1.402664837,0.865920037,0,2.665119997
2007,FRAM,132,151,130,132,10.5604139,8.398542195,NA,NA
2008,FRAM,131,153,130,130,1.825122021,NA,NA,NA
2009,FRAM,123,147,131,131,4.366841079,4.986022228,0,0
2010,FRAM,123,145,NA,NA,4.029823869,1.438682649,NA,NA
2011,FRAM,131,151,132,132,0.675691225,13.34860131,NA,NA
2012,FRAM,128,145,NA,NA,1.477109526,5.768399537,0,1.645207478
2013,FRAM,128,151,124,124,0.599493541,8.981919265,NA,NA
2014,FRAM,138,155,NA,NA,4.329217866,3.90511908,3.181980515,1.7680551
2015,FRAM,130,149,129,131,1.710331801,1.69128789,2,1.78002574
2016,FRAM,139,154,NA,NA,0.936241401,1.279684341,NA,NA
2017,FRAM,136,158,NA,NA,1.301717743,0.310883255,3,0.79893659
2018,FRAM,133,150,128,129,3.003939795,1.462857375,NA,NA
2019,FRAM,139,156,NA,NA,2.440056606,4.536381076,NA,NA
2020,FRAM,142,158,NA,NA,8.545483007,2.278205131,4.5,4.533659722
2021,FRAM,137,154,NA,NA,9.802363085,4.630140226,0,2.35196217
2022,FRAM,135,159,134,135,9.416828514,1.415698806,NA,NA
1990,HAVI,123,156,NA,NA,4.897996931,NA,NA,NA
1991,HAVI,118,142,NA,NA,12.38863886,2.886736912,NA,NA
1992,HAVI,133,158,172,172,2.793048228,NA,NA,NA
1993,HAVI,123,149,NA,NA,7.911548283,NA,2.309401077,2.796831951
1994,HAVI,128,147,NA,NA,0.838889157,NA,NA,NA
1995,HAVI,129,146,NA,NA,9.165162847,NA,NA,NA
1996,HAVI,125,148,NA,NA,3.704481253,NA,NA,NA
1997,HAVI,130,152,NA,NA,6.975511305,2.02720063,NA,NA
1998,HAVI,113,139,NA,NA,1.242707211,2.247231234,NA,NA
1999,HAVI,122,139,NA,NA,0.096099828,NA,2.474873734,NA
2000,HAVI,126,146,NA,NA,2.256460679,NA,NA,NA
2001,HAVI,122,138,NA,NA,5.666889865,2.312574698,NA,NA
2002,HAVI,109,149,NA,NA,7.143525559,1.264545684,6.062177826,1.074619224
2003,HAVI,128,152,NA,NA,1.307511809,NA,NA,NA
2004,HAVI,121,140,NA,NA,0,NA,NA,NA
2005,HAVI,121,156,NA,NA,NA,NA,NA,NA
2006,HAVI,121,148,NA,NA,0,NA,NA,NA
2007,HAVI,126,144,NA,NA,4.015579814,2.411295279,2.75,0.686115163
2008,HAVI,120,147,NA,NA,5.355592758,2.452886474,0,2.385603062
2009,HAVI,119,140,NA,NA,2.268146083,2.73289539,NA,NA
2010,HAVI,107,134,NA,NA,3.95627786,NA,0,1.595608572
2011,HAVI,123,144,NA,NA,4.600906618,1.176981614,4.509249753,0.848366209
2012,HAVI,111,140,NA,NA,1.055351419,NA,3.535533906,2.17433594
2013,HAVI,122,142,NA,NA,1.500001946,NA,2.020725942,1.683558953
2014,HAVI,131,150,NA,NA,2.68888951,NA,0,3.349528537
2015,HAVI,126,143,NA,NA,1.396070825,NA,NA,NA
2016,HAVI,127,149,NA,NA,4.162908636,NA,NA,NA
2017,HAVI,118,145,NA,NA,1.905812084,0.590803713,NA,NA
2018,HAVI,126,146,NA,NA,1.500025005,2.55839319,NA,NA
2019,HAVI,123,148,NA,NA,1.838469146,NA,0,2.769588475
2020,HAVI,135,154,NA,NA,5.19586133,NA,NA,NA
2021,HAVI,120,146,NA,NA,2.119955267,0.405451788,NA,NA
2022,HAVI,130,148,NA,NA,3.028171046,2.902994212,4.289036411,0.340055251
1990,ILVE,129,155,181,184,2.051643543,NA,7.424621202,NA
1991,ILVE,120,143,163,168,2.546763131,NA,2.5,3.764198399
1992,ILVE,138,170,188,188,0.892642002,NA,6.363961031,5.373840416
1993,ILVE,122,150,172,175,0.855263829,NA,NA,NA
1994,ILVE,131,154,169,173,2.527174038,2.401142473,4.082482905,2.452724857
1995,ILVE,131,153,180,181,3.888765021,2.178772579,0,1.2124782
1996,ILVE,127,155,176,177,3.364662696,1.169461177,NA,NA
1997,ILVE,135,164,170,190,2.528114133,NA,NA,NA
1998,ILVE,119,145,175,176,3.603371152,0.626803921,NA,NA
1999,ILVE,127,150,164,175,1.947670168,NA,NA,NA
2000,ILVE,129,155,NA,NA,1.505767695,NA,NA,NA
2001,ILVE,125,152,174,174,1.055659134,NA,NA,NA
1990,KAAN,147,168,168,172,0.167640342,NA,NA,NA
1991,KAAN,138,156,154,158,3.4768434,NA,NA,NA
1992,KAAN,146,184,172,174,0.768678959,1.728880669,3.535533906,1.616093558
1993,KAAN,142,161,167,171,1.413420092,3.134169157,NA,NA
1994,KAAN,150,163,167,171,2.781563389,NA,NA,NA
1995,KAAN,146,166,169,177,0.280901286,NA,NA,NA
1996,KAAN,146,165,169,173,2.508407256,5.285736637,NA,NA
1997,KAAN,151,171,178,182,2.514807818,4.040053858,2.886751346,2.758365325
1998,KAAN,140,162,163,168,1.423933425,NA,NA,NA
1999,KAAN,140,161,164,169,2.218003364,0.719997957,0,1.414415089
2000,KAAN,145,165,173,176,6.308398545,0.567344295,2.906888371,1.25921903
2001,KAAN,146,169,NA,NA,8.22994301,1.443388663,NA,NA
1990,KALA,146,168,174,179,5.200243165,NA,NA,NA
1991,KALA,138,160,156,160,2.955055103,2.670448873,3.535533906,7.070891034
1992,KALA,148,191,175,181,2.538395527,NA,NA,NA
1993,KALA,138,160,167,175,4.238106192,NA,NA,NA
1994,KALA,144,163,174,175,3.181883288,NA,NA,NA
1995,KALA,142,166,168,177,5.003330631,NA,NA,NA
1996,KALA,143,167,172,178,4.002283833,NA,NA,NA
1997,KALA,149,171,176,181,7.603243712,2.219087023,NA,NA
1998,KALA,135,162,161,168,3.481817369,1.010493189,NA,NA
1999,KALA,137,159,162,171,2.846136703,NA,NA,NA
2000,KALA,138,163,171,177,1.144813783,NA,NA,NA
2001,KALA,138,168,NA,NA,9.042818572,3.930161401,NA,NA
1990,LYLI,130,150,180,185,4.772096136,1.989165666,9.451631253,3.000205001
1991,LYLI,136,149,172,174,9.713686858,NA,NA,NA
1992,LYLI,138,176,193,193,3.297879204,1.278529517,4.618802154,4.374978412
1993,LYLI,121,149,NA,NA,6.450198913,1.252404202,0,1.907368505
1994,LYLI,134,153,178,182,2.940832214,2.005428294,NA,NA
1995,LYLI,133,150,191,191,3.410960634,NA,NA,NA
1996,LYLI,122,151,190,NA,4.085057115,0.313683099,2.886751346,1.597296247
1997,LYLI,138,156,189,194,5.587508373,NA,NA,NA
1998,LYLI,126,143,164,179,2.673617998,NA,NA,NA
1999,LYLI,131,149,150,181,1.415945983,NA,NA,NA
2000,LYLI,131,154,186,188,3.613608203,NA,NA,NA
2001,LYLI,124,147,NA,NA,5.788898576,1.053748491,NA,NA
1990,NEMU,118,149,158,158,5.544912675,1.170412875,0,0
1991,NEMU,116,142,137,138,0.443082944,1.874185708,NA,NA
1992,NEMU,131,168,145,145,4.685284674,NA,NA,NA
1993,NEMU,117,150,126,126,2.812713367,NA,NA,NA
1994,NEMU,121,148,140,144,5.413464192,2.992909325,NA,NA
1995,NEMU,126,148,139,144,3.135273138,2.143175827,2.020725942,1.154590841
1996,NEMU,115,148,136,141,1.839033972,NA,NA,NA
1997,NEMU,132,155,147,151,1.517613559,1.875951996,0,2.51425094
1998,NEMU,112,138,126,126,3.021147653,2.195698926,0,1.851666449
1999,NEMU,124,143,135,137,3.189341407,2.131564638,NA,NA
2000,NEMU,127,148,135,135,2.925971023,NA,NA,NA
2001,NEMU,122,141,124,132,1.3228404,2.047558506,NA,NA
1990,NYSY,138,162,NA,NA,0.806930514,NA,NA,NA
1991,NYSY,136,144,158,158,1.876428842,NA,NA,NA
1992,NYSY,141,173,NA,NA,1.300149597,NA,NA,NA
1993,NYSY,131,160,NA,NA,0.54019367,NA,NA,NA
1994,NYSY,142,161,169,169,1.89601822,0.606020262,NA,NA
1995,NYSY,141,160,NA,NA,4.368336018,3.312206143,NA,NA
1996,NYSY,141,161,168,172,0.959644672,0.925072984,NA,NA
1997,NYSY,149,167,NA,NA,4.242817465,NA,NA,NA
1998,NYSY,132,152,156,157,3.253206561,NA,NA,NA
1999,NYSY,134,154,157,163,0.135302712,2.702617607,NA,NA
2000,NYSY,132,161,170,176,0.962748559,0.905737131,2.020725942,0.276563709
2001,NYSY,134,161,NA,NA,0.285105018,NA,NA,NA
1990,PIST,164,NA,NA,NA,3.86166474,1.261737829,2.598076211,2.024581165
1991,PIST,152,181,NA,NA,6.781820556,2.59932872,3.834057903,0.4412047
1992,PIST,164,NA,NA,NA,0.803563175,3.048131031,NA,NA
1993,PIST,153,165,NA,NA,6.30823071,NA,NA,NA
1994,PIST,148,219,169,169,4.753350017,3.773489376,0,0.942931607
1995,PIST,161,173,176,176,1.894846181,NA,NA,NA
1996,PIST,162,NA,NA,NA,3.06642654,NA,NA,NA
1997,PIST,164,198,NA,NA,NA,NA,NA,NA
1998,PIST,150,189,NA,NA,4.634593562,NA,NA,NA
1999,PIST,151,185,158,NA,5.198591846,0.942441874,NA,NA
2000,PIST,157,167,NA,NA,2.068686771,3.044645348,NA,NA
2001,PIST,159,174,NA,NA,3.175073205,0.357474427,NA,NA
1990,POTR,119,137,82,97,3.498795989,NA,NA,NA
1991,POTR,108,128,95,101,0.10136012,NA,NA,NA
1992,POTR,127,140,104,104,1.517671898,0.692534049,NA,NA
1993,POTR,113,131,97,100,5.881859989,3.694002692,2.309401077,0.551165669
1994,POTR,122,138,96,103,0.710276784,NA,NA,NA
1995,POTR,126,140,90,103,2.418413008,2.582091519,4.262237284,3.093539024
1996,POTR,122,142,90,90,3.822246404,1.397346633,3.834057903,2.977029142
1997,POTR,123,141,98,110,1.76580795,2.433798991,NA,NA
1998,POTR,106,127,90,92,1.673864659,NA,NA,NA
1999,POTR,119,132,92,93,3.881123953,3.031130875,0,8.84E-05
2000,POTR,125,141,87,87,1.639438388,NA,NA,NA
2001,POTR,118,132,105,105,0.598939251,NA,NA,NA
2002,POTR,108,NA,106,106,0.942857361,NA,NA,NA
2003,POTR,121,NA,102,105,1.678514682,NA,NA,NA
2004,POTR,118,NA,NA,NA,3.971192152,3.341151448,NA,NA
2005,POTR,113,NA,NA,NA,3.46699978,2.792548672,2.828427125,2.828572082
2006,POTR,112,NA,NA,NA,0.482221756,1.347238919,NA,NA
2007,POTR,126,NA,NA,NA,0.68726173,NA,NA,NA
2008,POTR,114,NA,NA,NA,0.736368686,NA,NA,NA
2009,POTR,116,NA,NA,NA,2.328430353,1.544117062,NA,NA
2010,POTR,99,NA,NA,NA,1.081015717,1.990879537,0,0.06756764
2011,POTR,126,NA,NA,NA,0.943797714,NA,NA,NA
2012,POTR,113,NA,NA,NA,5.1618835,0.396426471,2.598076211,3.592507844
2013,POTR,123,NA,NA,NA,5.966591671,3.53590204,0,2.11348709
2014,POTR,133,NA,NA,NA,3.392019887,1.35918323,NA,NA
2015,POTR,126,NA,NA,NA,5.808644427,NA,NA,NA
2016,POTR,131,NA,NA,NA,5.481302505,4.072911161,3.535533906,NA
2017,POTR,119,NA,NA,NA,0.227658055,NA,NA,NA
2018,POTR,126,NA,NA,NA,3.758175239,NA,NA,NA
2019,POTR,129,NA,NA,NA,5.73528339,NA,NA,NA
2020,POTR,137,NA,NA,NA,4.354573093,NA,NA,NA
2021,POTR,131,NA,NA,NA,4.233734139,2.669396218,NA,NA
2022,POTR,132,NA,NA,NA,3.756706002,2.597061193,NA,NA
1990,PRSE,114,146,147,153,0.697289979,0.518102288,NA,NA
1991,PRSE,97,132,97,150,0.294599836,NA,NA,NA
1992,PRSE,115,156,152,155,1.57162746,NA,NA,NA
1993,PRSE,109,140,146,147,0.049580202,0.496988888,NA,NA
1994,PRSE,111,142,149,150,4.16969982,4.672669674,2.886751346,0.216941853
1995,PRSE,114,145,149,152,2.465724761,NA,NA,NA
1996,PRSE,111,145,146,146,2.469051405,2.407581729,3.278719262,2.330148345
1997,PRSE,114,151,157,158,3.39118318,0.787774071,0,1.764810487
1998,PRSE,106,131,100,138,2.21585714,0.515145714,NA,NA
1999,PRSE,109,139,144,150,3.172625724,NA,NA,NA
2000,PRSE,106,144,145,149,3.136092439,3.687681729,1.732050808,1.515381927
2001,PRSE,119,135,139,141,1.288950617,NA,NA,NA
2002,PRSE,105,NA,NA,NA,2.150307294,NA,NA,NA
2003,PRSE,115,NA,NA,NA,2.464456231,NA,NA,NA
2004,PRSE,112,NA,NA,NA,1.265293022,NA,NA,NA
2005,PRSE,109,NA,NA,NA,3.721089285,0.872481574,3.75277675,3.580081035
2006,PRSE,107,NA,NA,NA,1.747124144,1.970001922,0,0.571168358
2007,PRSE,116,NA,NA,NA,0.983952613,2.084338022,NA,NA
2008,PRSE,111,NA,NA,NA,6.146347831,NA,NA,NA
2009,PRSE,115,NA,NA,NA,0.518039042,NA,NA,NA
2010,PRSE,97,NA,NA,NA,2.602124176,0.714656505,NA,NA
2011,PRSE,118,NA,NA,NA,2.279131937,0.886173944,4.636809248,3.037001413
2012,PRSE,95,NA,NA,NA,0.705331775,NA,NA,NA
2013,PRSE,117,NA,NA,NA,3.864359075,1.217182546,6.251666445,6.785771563
2014,PRSE,120,NA,NA,NA,7.804301504,2.928144941,0,1.75005875
2015,PRSE,121,NA,NA,NA,5.268964436,2.113445153,NA,NA
2016,PRSE,114,NA,NA,NA,3.580938845,NA,NA,NA
2017,PRSE,109,NA,NA,NA,7.121019856,2.336783924,NA,NA
2018,PRSE,122,NA,NA,NA,0.535570048,NA,NA,NA
2019,PRSE,112,NA,NA,NA,5.535582461,NA,NA,NA
2020,PRSE,121,NA,NA,NA,3.372279812,NA,NA,NA
2021,PRSE,107,NA,NA,NA,5.255694085,NA,NA,NA
2022,PRSE,114,NA,NA,NA,7.98327645,1.128960224,NA,NA
1990,QUAL,136,159,NA,NA,3.562846474,0.226723442,NA,NA
1991,QUAL,128,145,NA,NA,1.201840457,1.693146507,NA,NA
1992,QUAL,140,160,NA,NA,1.627591172,NA,NA,NA
1993,QUAL,127,148,NA,NA,8.744801808,NA,NA,NA
1994,QUAL,138,156,NA,NA,5.3220451,2.225676115,NA,NA
1995,QUAL,135,156,NA,NA,8.240034445,2.02516417,10.87428159,10.40439366
1996,QUAL,140,155,NA,NA,4.20789428,NA,NA,NA
1997,QUAL,146,161,NA,NA,1.873853365,3.934978992,2,3.500094338
1998,QUAL,126,143,NA,NA,3.27465117,3.099155098,3.834057903,3.041502004
1999,QUAL,133,152,NA,NA,0.120274209,1.321341626,NA,NA
2000,QUAL,132,156,NA,NA,1.90770559,NA,NA,NA
2001,QUAL,124,152,NA,NA,1.831853881,2.740176629,NA,NA
2002,QUAL,132,154,NA,NA,0.652728442,NA,NA,NA
2003,QUAL,142,161,NA,NA,0.954175323,NA,NA,NA
2004,QUAL,133,150,NA,NA,1.226850542,NA,NA,NA
2005,QUAL,142,162,NA,NA,1.409088539,NA,NA,NA
2006,QUAL,136,157,NA,NA,3.026613765,1.458395848,NA,NA
2007,QUAL,132,150,NA,NA,1.368476216,3.602994871,0,0.353413736
2008,QUAL,133,155,NA,NA,1.629788173,2.844534757,NA,NA
2009,QUAL,126,147,NA,NA,3.771429443,NA,NA,NA
2010,QUAL,122,144,NA,NA,1.774456947,NA,NA,NA
2011,QUAL,134,150,NA,NA,0.45810839,0.627497615,NA,NA
2012,QUAL,130,147,NA,NA,2.806784286,3.829390721,3.570714214,2.775647284
2013,QUAL,129,152,NA,NA,0.949930057,NA,NA,NA
2014,QUAL,138,158,NA,NA,2.239110005,2.922166283,4,2.445529555
2015,QUAL,131,154,NA,NA,2.12430743,1.763964654,0,4.905764245
2016,QUAL,139,157,NA,NA,0.183752879,1.53073419,NA,NA
2017,QUAL,135,154,NA,NA,2.320970531,NA,NA,NA
2018,QUAL,131,153,NA,NA,2.308992795,2.288536177,0,0.092956722
2019,QUAL,138,156,NA,NA,0.554331547,NA,NA,NA
2020,QUAL,144,159,NA,NA,2.689630298,NA,NA,NA
2021,QUAL,136,154,NA,NA,3.399602554,NA,NA,NA
2022,QUAL,135,151,NA,NA,0.209028734,NA,NA,NA
1990,QURU,129,153,129,131,3.72020105,2.117229027,NA,NA
1991,QURU,126,141,130,131,3.081279306,2.727006898,NA,NA
1992,QURU,136,161,144,145,1.563580668,1.774213422,NA,NA
1993,QURU,124,140,136,136,3.889036031,NA,NA,NA
1994,QURU,131,152,143,143,3.620417477,NA,NA,NA
1995,QURU,133,149,144,146,0.403290017,0.144523042,NA,NA
1996,QURU,134,150,135,132,2.611023884,3.442021673,0,2.620790029
1997,QURU,136,156,138,146,1.403044927,NA,NA,NA
1998,QURU,123,141,122,122,1.407438515,1.523660867,0,1.018411632
1999,QURU,126,144,126,134,2.241692444,2.586025821,2.906888371,4.272621049
2000,QURU,128,153,128,131,0.926770416,3.072711253,NA,NA
2001,QURU,122,140,124,125,3.118886263,NA,NA,NA
2002,QURU,118,151,120,125,0.728189766,2.649232613,NA,NA
2003,QURU,136,157,132,138,0.351258621,NA,NA,NA
2004,QURU,125,145,126,126,1.417238028,NA,NA,NA
2005,QURU,126,157,125,125,0.392994236,NA,NA,NA
2006,QURU,128,152,127,129,0.838961336,NA,NA,NA
2007,QURU,129,148,128,130,1.652718713,2.795450573,NA,NA
2008,QURU,121,151,119,123,0.964734385,4.760092551,0,0.652910311
2009,QURU,120,146,119,119,0.358700115,2.516686977,NA,NA
2010,QURU,114,138,108,113,1.145889946,NA,NA,NA
2011,QURU,128,150,125,129,1.850624795,NA,NA,NA
2012,QURU,118,143,119,121,2.482171308,5.283682113,NA,NA
2013,QURU,125,149,123,125,1.490568972,4.460840409,2.020725942,0.585304773
2014,QURU,132,151,130,132,1.081159373,NA,NA,NA
2015,QURU,128,147,128,129,2.952195668,1.998898287,0,1.952823433
2016,QURU,133,152,128,133,4.063466286,0.8994684,0,6.628167176
2017,QURU,126,153,119,124,2.992943059,0.144476854,NA,NA
2018,QURU,127,150,126,131,5.470716266,NA,NA,NA
2019,QURU,129,154,124,128,0.519186387,0.35054107,0,3.24945475
2020,QURU,138,155,132,137,1.575392862,NA,NA,NA
2021,QURU,130,151,125,133,2.048252394,NA,NA,NA
2022,QURU,136,150,134,135,2.449939257,NA,NA,NA
1990,QUVE,135,158,NA,NA,6.366285875,NA,NA,NA
1991,QUVE,129,143,125,128,3.969492113,1.673365312,NA,NA
1992,QUVE,140,166,148,NA,4.058332979,3.888044307,NA,NA
1993,QUVE,128,151,NA,NA,0.558842783,0.35054107,NA,NA
1994,QUVE,135,156,150,150,3.949762665,NA,NA,NA
1995,QUVE,136,153,149,151,6.883969554,NA,NA,NA
1996,QUVE,139,154,136,140,1.278177156,0.68892088,NA,NA
1997,QUVE,142,160,144,147,2.533615652,2.667571754,0,0.23291581
1998,QUVE,123,142,124,128,4.205580447,NA,NA,NA
1999,QUVE,130,150,129,136,4.424999959,3.886903375,5.267826876,4.918005122
2000,QUVE,131,156,130,140,7.548296331,0.657873751,0,1.388926561
2001,QUVE,124,151,124,139,0.065044607,0.60153848,NA,NA
2002,QUVE,128,NA,117,127,2.937229709,NA,NA,NA
2003,QUVE,139,NA,132,137,5.30057869,3.437330393,0,0.274867922
2004,QUVE,132,NA,NA,NA,3.100435653,NA,NA,NA
2005,QUVE,137,NA,NA,NA,4.349445644,NA,NA,NA
2006,QUVE,129,NA,NA,NA,1.007038229,NA,NA,NA
2007,QUVE,130,NA,NA,NA,1.011899706,NA,NA,NA
2008,QUVE,130,NA,NA,NA,6.704251665,1.763323785,0,0
2009,QUVE,125,NA,NA,NA,2.208532535,4.628649198,NA,NA
2010,QUVE,119,NA,NA,NA,0.845102032,0.866185619,NA,NA
2011,QUVE,132,NA,NA,NA,2.474723473,NA,NA,NA
2012,QUVE,124,NA,NA,NA,4.198073333,NA,NA,NA
2013,QUVE,128,NA,NA,NA,1.543054332,1.254050901,NA,NA
2014,QUVE,136,NA,NA,NA,5.589780576,3.129836326,2.886751346,0.692898843
2015,QUVE,130,NA,NA,NA,5.418103979,NA,NA,NA
2016,QUVE,136,NA,NA,NA,1.746829595,2.125396797,2.598076211,2.318493778
2017,QUVE,128,NA,NA,NA,3.139539895,2.264099255,0,4.701059739
2018,QUVE,131,NA,NA,NA,0.014791788,1.795236193,NA,NA
2019,QUVE,135,NA,NA,NA,2.308731347,NA,NA,NA
2020,QUVE,140,NA,NA,NA,2.544183547,2.042832921,NA,NA
2021,QUVE,130,NA,NA,NA,0.533356421,NA,NA,NA
2022,QUVE,134,NA,NA,NA,1.552985821,NA,NA,NA
1990,RHSP,135,158,141,156,1.607290034,NA,NA,NA
1991,RHSP,130,149,136,139,0.313129053,NA,NA,NA
1992,RHSP,142,177,156,157,3.350307548,0,NA,NA
1993,RHSP,128,148,142,145,5.431028738,5.518906954,2.309401077,3.015039219
1994,RHSP,135,151,146,150,0.053133724,1.55028859,NA,NA
1995,RHSP,136,150,146,150,0.054645485,NA,NA,NA
1996,RHSP,126,151,148,150,2.489870126,NA,NA,NA
1997,RHSP,140,158,157,160,1.154660125,2.812886515,NA,NA
1998,RHSP,125,139,128,132,1.84802262,3.085642113,0,3.616535664
1999,RHSP,131,147,136,146,2.118230653,NA,NA,NA
2000,RHSP,131,151,144,149,2.873206449,3.053644466,4.787135539,3.632410242
2001,RHSP,131,146,145,146,4.757668419,2.142460559,3.464101615,0.943745957
1990,SAPU,118,144,127,128,3.235446216,3.694996803,NA,NA
1991,SAPU,114,139,102,122,4.077644574,NA,NA,NA
1992,SAPU,109,173,132,135,4.94760328,4.132341568,0,2.474787113
1993,SAPU,109,150,108,127,0.945726138,NA,NA,NA
1994,SAPU,105,146,126,130,2.661695381,NA,NA,NA
1995,SAPU,114,150,108,133,1.979710896,NA,NA,NA
1996,SAPU,97,150,127,134,1.214172995,NA,NA,NA
1997,SAPU,100,152,130,140,4.458011991,0.692373462,4.596194078,3.299815146
1998,SAPU,106,138,120,121,1.054810308,5.485056929,NA,NA
1999,SAPU,98,142,109,129,1.173929236,3.580418981,NA,NA
2000,SAPU,94,145,125,128,3.535622295,NA,NA,NA
2001,SAPU,113,141,124,126,2.723285012,NA,NA,NA
2002,SAPU,106,NA,112,116,0.614800589,1.675110493,NA,NA
2003,SAPU,111,NA,128,131,3.703669242,3.026766348,3.464101615,3.126749077
1990,TSCA,150,167,NA,NA,1.376802519,NA,NA,NA
1991,TSCA,143,160,NA,NA,2.189695948,0.510599003,7.794228634,5.346449057
1992,TSCA,146,172,NA,NA,5.91910878,0.824975,3.834057903,2.10602301
1993,TSCA,141,161,NA,NA,5.126927814,3.65163606,NA,NA
1994,TSCA,146,162,NA,NA,6.122253298,NA,NA,NA
1995,TSCA,143,161,NA,NA,2.143558889,0.81372887,NA,NA
1996,TSCA,148,164,NA,NA,1.151432801,NA,NA,NA
1997,TSCA,152,171,NA,NA,2.76088061,NA,NA,NA
1998,TSCA,137,159,NA,NA,8.727176742,NA,NA,NA
1999,TSCA,141,157,NA,NA,5.210342987,NA,NA,NA
2000,TSCA,140,161,NA,NA,3.416360792,0.166703334,NA,NA
2001,TSCA,148,168,NA,NA,2.17020793,3.204299329,NA,NA
1990,VACO,118,142,125,138,1.01350145,3.253761069,NA,NA
1991,VACO,104,133,124,130,0.147634027,NA,NA,NA
1992,VACO,128,155,139,141,4.185272441,NA,NA,NA
1993,VACO,117,151,130,132,0.749377228,0.979912644,NA,NA
1994,VACO,121,149,130,142,2.820194936,3.404531081,4.041451884,0.577477287
1995,VACO,125,149,136,142,1.102616207,NA,NA,NA
1996,VACO,118,149,138,142,3.816502138,2.773466279,2.886751346,1.900438623
1997,VACO,126,156,140,149,4.816067434,2.658206061,3.354101966,2.635703231
1998,VACO,108,141,121,129,0.522342454,3.186866411,NA,NA
1999,VACO,120,143,128,135,5.47977598,NA,NA,NA
2000,VACO,122,147,128,133,3.499986104,0.673649889,0,0
2001,VACO,122,144,129,135,1.719651032,NA,NA,NA
1990,VIAL,118,145,122,129,3.854065483,NA,NA,NA
1991,VIAL,113,134,110,128,NA,NA,NA,NA
1992,VIAL,123,156,130,135,4.232375675,NA,NA,NA
1993,VIAL,113,137,132,132,5.008416392,2.999872661,0,0.707050212
1994,VIAL,116,141,124,125,0.241131365,2.099000112,NA,NA
1995,VIAL,120,143,142,144,0.444219222,0.258977532,NA,NA
1996,VIAL,115,143,134,135,7.591900522,NA,NA,NA
1997,VIAL,120,149,134,136,5.972059219,NA,NA,NA
1998,VIAL,106,133,111,111,0.092870518,0.333228034,NA,NA
1999,VIAL,116,136,108,125,5.263418201,4.556307676,7.071067812,0.353682438
2000,VIAL,116,141,125,127,0.740373513,NA,NA,NA
2001,VIAL,119,134,124,125,3.767462388,1.885665225,2.886751346,1.184631937
2002,VIAL,NA,NA,NA,NA,3.191581206,0.617182075,0,2.053814775
2003,VIAL,119,NA,128,131,3.595873164,2.831207655,NA,NA
1990,VICA,113,147,NA,NA,4.580958695,NA,NA,NA
1991,VICA,97,137,NA,NA,1.971331612,1.731851621,NA,NA
1992,VICA,121,154,NA,NA,0.029583576,NA,NA,NA
1993,VICA,113,146,NA,NA,0.505803212,NA,NA,NA
1994,VICA,115,142,169,169,NA,NA,NA,NA
1995,VICA,118,144,144,144,6.159884082,NA,NA,NA
1996,VICA,114,148,190,193,2.579810525,2.177689932,NA,NA
1997,VICA,119,151,NA,NA,0,1.64975908,NA,NA
1998,VICA,102,134,NA,NA,0.252840218,6.792409567,NA,NA
1999,VICA,109,138,164,164,3.628579017,NA,NA,NA
2000,VICA,107,145,NA,NA,7.623006285,NA,NA,NA
2001,VICA,118,139,NA,NA,0.143284339,0.769657945,NA,NA
2002,VICA,106,NA,NA,NA,8.338860804,1.374250111,NA,NA
2003,VICA,117,NA,NA,NA,0.239927831,NA,NA,NA
